LastUpdate;ExtractionDate;HospitalId;EmergencyType.Code;EmergencyType.Description;Triage.Red.Time;Triage.Red.Length;Triage.Orange.Time;Triage.Orange.Length;Triage.Yellow.Time;Triage.Yellow.Length;Triage.Green.Time;Triage.Green.Length;Triage.Blue.Time;Triage.Blue.Length
16/02/2025 11:30;16/02/2025 11:39;75458;GO;Urgência Ginecologia / Obstetricia;0;0;0;0;0;0;0;0;0;0
16/02/2025 11:30;16/02/2025 11:39;75458;GER;Urgência Geral;0;0;300;0;2280;1;3120;7;0;0
16/02/2025 11:30;16/02/2025 11:39;75458;PED;Urgência Pediátrica;0;0;0;0;0;0;0;0;0;0
16/02/2025 12:00;16/02/2025 12:07;75458;GO;Urgência Ginecologia / Obstetricia;0;0;0;0;0;0;0;0;0;0
16/02/2025 12:00;16/02/2025 12:07;75458;GER;Urgência Geral;0;0;300;0;1920;4;3120;8;0;0
16/02/2025 12:00;16/02/2025 12:07;75458;PED;Urgência Pediátrica;0;0;0;0;0;0;0;0;0;0
16/02/2025 12:10;16/02/2025 12:17;75458;GO;Urgência Ginecologia / Obstetricia;0;0;0;0;0;0;0;0;0;0
16/02/2025 12:10;16/02/2025 12:17;75458;GER;Urgência Geral;0;0;300;0;1860;6;3120;8;0;0
16/02/2025 12:10;16/02/2025 12:17;75458;PED;Urgência Pediátrica;0;0;0;0;0;0;0;0;0;0
16/02/2025 12:20;16/02/2025 12:26;75458;GO;Urgência Ginecologia / Obstetricia;0;0;0;0;0;0;0;0;0;0
16/02/2025 12:20;16/02/2025 12:26;75458;GER;Urgência Geral;0;0;0;0;1620;6;3120;10;0;0
16/02/2025 12:20;16/02/2025 12:26;75458;PED;Urgência Pediátrica;0;0;0;0;0;0;0;0;0;0
16/02/2025 11:30;16/02/2025 11:39;65413;URG1;Urgência Geral;0;0;0;0;672;0;220;0;0;0
16/02/2025 11:30;16/02/2025 11:39;65413;URG1;Urgência Geral;0;0;35;0;3142;6;451;2;80;0
16/02/2025 11:30;16/02/2025 11:39;65413;URG1;Urgência Geral;0;0;0;0;866;0;2669;2;0;0
16/02/2025 11:29;16/02/2025 11:39;65413;URG1;Urgência Geral;0;0;0;0;0;0;0;0;0;0
16/02/2025 11:30;16/02/2025 11:39;65413;URG2;Urgência Ginecológica e Obstétrica;0;0;0;0;0;1;2232;1;0;0
16/02/2025 11:30;16/02/2025 11:39;65413;URG3;Urgência Pediátrica;0;0;273;0;364;0;1341;0;0;0
16/02/2025 12:00;16/02/2025 12:07;65413;URG1;Urgência Geral;0;0;0;0;672;0;197;1;0;0
16/02/2025 11:59;16/02/2025 12:07;65413;URG1;Urgência Geral;0;0;70;0;3552;6;870;2;80;0
16/02/2025 12:00;16/02/2025 12:07;65413;URG1;Urgência Geral;0;0;0;0;866;0;4400;1;0;0
16/02/2025 12:00;16/02/2025 12:07;65413;URG1;Urgência Geral;0;0;21;0;0;0;0;0;0;0
16/02/2025 12:00;16/02/2025 12:07;65413;URG2;Urgência Ginecológica e Obstétrica;0;0;0;0;1478;0;2232;1;0;0
16/02/2025 12:00;16/02/2025 12:07;65413;URG3;Urgência Pediátrica;0;0;0;0;364;1;1343;0;0;0
16/02/2025 12:15;16/02/2025 12:27;65413;URG1;Urgência Geral;0;0;0;0;186;0;197;1;0;0
16/02/2025 12:15;16/02/2025 12:27;65413;URG1;Urgência Geral;0;0;61;0;3965;7;612;1;80;0
16/02/2025 12:15;16/02/2025 12:27;65413;URG1;Urgência Geral;0;0;0;0;866;0;6131;1;0;0
16/02/2025 12:15;16/02/2025 12:27;65413;URG1;Urgência Geral;0;0;21;0;0;0;0;0;0;0
16/02/2025 12:15;16/02/2025 12:27;65413;URG2;Urgência Ginecológica e Obstétrica;0;0;0;0;1478;0;2498;0;0;0
16/02/2025 12:15;16/02/2025 12:27;65413;URG3;Urgência Pediátrica;0;0;0;0;543;0;1343;0;0;0
16/02/2025 11:30;16/02/2025 11:38;6578;URGGER;Urgência Geral;0;0;1058;1;1101;1;0;0;0;0
16/02/2025 11:30;16/02/2025 11:38;6578;URGGER;Urgência Geral;0;0;344;0;1252;0;0;0;0;0
16/02/2025 11:30;16/02/2025 11:38;6578;URGGER;Urgência Geral;0;0;0;0;0;0;0;0;0;0
16/02/2025 11:30;16/02/2025 11:38;6578;URGGER;Urgência Geral;0;0;0;0;0;0;0;0;0;0
16/02/2025 11:30;16/02/2025 11:38;6578;URGGIN;Urgência Obstétrica/Ginecológica;0;0;0;0;0;0;0;0;0;0
16/02/2025 11:30;16/02/2025 11:38;6578;URGGIN;Urgência Obstétrica/Ginecológica;0;0;0;0;0;0;0;0;0;0
16/02/2025 11:30;16/02/2025 11:38;6578;URGGIN;Urgência Obstétrica/Ginecológica;0;0;0;0;0;0;0;0;0;0
16/02/2025 11:30;16/02/2025 11:38;6578;URGGIN;Urgência Obstétrica/Ginecológica;0;0;0;0;0;0;0;0;0;0
16/02/2025 11:30;16/02/2025 11:38;6578;URGGIN;Urgência Obstétrica/Ginecológica;0;0;0;0;0;0;0;0;0;0
16/02/2025 11:30;16/02/2025 11:38;6578;URGGIN;Urgência Obstétrica/Ginecológica;0;0;0;0;0;0;0;0;0;0
16/02/2025 11:30;16/02/2025 11:38;6578;URGGIN;Urgência Obstétrica/Ginecológica;0;0;0;0;0;0;0;0;0;0
16/02/2025 11:30;16/02/2025 11:38;6578;URGGIN;Urgência Obstétrica/Ginecológica;0;0;0;0;0;0;0;0;0;0
16/02/2025 11:30;16/02/2025 11:38;6578;URGGIN;Urgência Obstétrica/Ginecológica;0;0;0;0;0;0;0;0;0;0
16/02/2025 11:30;16/02/2025 11:38;6578;URGGIN;Urgência Obstétrica/Ginecológica;0;0;0;0;0;0;0;0;0;0
16/02/2025 11:30;16/02/2025 11:38;6578;URGGIN;Urgência Obstétrica/Ginecológica;0;0;0;0;0;0;0;0;0;0
16/02/2025 12:00;16/02/2025 12:04;6578;URGGER;Urgência Geral;0;0;1412;0;1323;3;0;0;0;0
16/02/2025 12:00;16/02/2025 12:04;6578;URGGER;Urgência Geral;0;0;344;0;1252;0;0;0;0;0
16/02/2025 12:00;16/02/2025 12:04;6578;URGGER;Urgência Geral;0;0;0;0;0;0;0;0;0;0
16/02/2025 12:00;16/02/2025 12:04;6578;URGGER;Urgência Geral;0;0;0;0;0;0;0;0;0;0
16/02/2025 12:00;16/02/2025 12:04;6578;URGGIN;Urgência Obstétrica/Ginecológica;0;0;0;0;0;0;0;0;0;0
16/02/2025 12:00;16/02/2025 12:04;6578;URGGIN;Urgência Obstétrica/Ginecológica;0;0;0;0;0;0;0;0;0;0
16/02/2025 12:00;16/02/2025 12:04;6578;URGGIN;Urgência Obstétrica/Ginecológica;0;0;0;0;0;0;0;0;0;0
16/02/2025 12:00;16/02/2025 12:04;6578;URGGIN;Urgência Obstétrica/Ginecológica;0;0;0;0;0;0;0;0;0;0
16/02/2025 12:00;16/02/2025 12:04;6578;URGGIN;Urgência Obstétrica/Ginecológica;0;0;0;0;0;0;0;0;0;0
16/02/2025 12:00;16/02/2025 12:04;6578;URGGIN;Urgência Obstétrica/Ginecológica;0;0;0;0;0;0;0;0;0;0
16/02/2025 12:00;16/02/2025 12:04;6578;URGGIN;Urgência Obstétrica/Ginecológica;0;0;0;0;0;0;0;0;0;0
16/02/2025 12:00;16/02/2025 12:04;6578;URGGIN;Urgência Obstétrica/Ginecológica;0;0;0;0;0;0;0;0;0;0
16/02/2025 12:00;16/02/2025 12:04;6578;URGGIN;Urgência Obstétrica/Ginecológica;0;0;0;0;0;0;0;0;0;0
16/02/2025 12:00;16/02/2025 12:04;6578;URGGIN;Urgência Obstétrica/Ginecológica;0;0;0;0;0;0;0;0;0;0
16/02/2025 12:00;16/02/2025 12:04;6578;URGGIN;Urgência Obstétrica/Ginecológica;0;0;0;0;0;0;0;0;0;0
16/02/2025 12:15;16/02/2025 12:30;6578;URGGER;Urgência Geral;0;0;1412;0;1202;5;0;0;0;0
16/02/2025 12:15;16/02/2025 12:30;6578;URGGER;Urgência Geral;0;0;0;0;1252;0;0;0;0;0
16/02/2025 12:15;16/02/2025 12:30;6578;URGGER;Urgência Geral;0;0;0;0;0;0;0;0;0;0
16/02/2025 12:15;16/02/2025 12:30;6578;URGGER;Urgência Geral;0;0;0;0;0;0;0;0;0;0
16/02/2025 12:15;16/02/2025 12:30;6578;URGGIN;Urgência Obstétrica/Ginecológica;0;0;0;0;0;0;0;0;0;0
16/02/2025 12:15;16/02/2025 12:30;6578;URGGIN;Urgência Obstétrica/Ginecológica;0;0;0;0;0;0;0;0;0;0
16/02/2025 12:15;16/02/2025 12:30;6578;URGGIN;Urgência Obstétrica/Ginecológica;0;0;0;0;0;0;0;0;0;0
16/02/2025 12:15;16/02/2025 12:30;6578;URGGIN;Urgência Obstétrica/Ginecológica;0;0;0;0;0;0;0;0;0;0
16/02/2025 12:15;16/02/2025 12:30;6578;URGGIN;Urgência Obstétrica/Ginecológica;0;0;0;0;0;0;0;0;0;0
16/02/2025 12:15;16/02/2025 12:30;6578;URGGIN;Urgência Obstétrica/Ginecológica;0;0;0;0;0;0;0;0;0;0
16/02/2025 12:15;16/02/2025 12:30;6578;URGGIN;Urgência Obstétrica/Ginecológica;0;0;0;0;0;0;0;0;0;0
16/02/2025 12:15;16/02/2025 12:30;6578;URGGIN;Urgência Obstétrica/Ginecológica;0;0;0;0;0;0;0;0;0;0
16/02/2025 12:15;16/02/2025 12:30;6578;URGGIN;Urgência Obstétrica/Ginecológica;0;0;0;0;0;0;0;0;0;0
16/02/2025 12:15;16/02/2025 12:30;6578;URGGIN;Urgência Obstétrica/Ginecológica;0;0;0;0;0;0;0;0;0;0
16/02/2025 12:15;16/02/2025 12:30;6578;URGGIN;Urgência Obstétrica/Ginecológica;0;0;0;0;0;0;0;0;0;0
16/02/2025 11:28;16/02/2025 11:39;2565;1;Urgência Geral;0;0;216;0;1433;4;2033;0;0;0
16/02/2025 11:28;16/02/2025 11:39;2565;2;Urgência Pediátrica;0;0;281;0;704;1;1553;0;0;0
16/02/2025 11:28;16/02/2025 11:39;2565;3;Urgência Obstétrica;0;0;0;0;3453;1;0;0;0;0
16/02/2025 11:28;16/02/2025 11:39;2565;4;Urgência Ginecológica;0;0;0;0;0;0;0;0;0;0
16/02/2025 11:28;16/02/2025 11:39;2565;9;Urgência Psiquiátrica;0;0;0;0;0;0;0;0;0;0
16/02/2025 11:58;16/02/2025 12:06;2565;1;Urgência Geral;0;0;177;0;1167;4;2033;1;0;0
16/02/2025 11:58;16/02/2025 12:06;2565;2;Urgência Pediátrica;0;0;281;0;704;1;1979;0;0;0
16/02/2025 11:58;16/02/2025 12:06;2565;3;Urgência Obstétrica;0;0;0;0;2842;1;0;0;0;0
16/02/2025 11:58;16/02/2025 12:06;2565;4;Urgência Ginecológica;0;0;0;0;2231;0;0;0;0;0
16/02/2025 11:58;16/02/2025 12:06;2565;9;Urgência Psiquiátrica;0;0;0;0;0;0;0;0;0;0
16/02/2025 12:08;16/02/2025 12:25;2565;1;Urgência Geral;0;0;177;0;1242;4;3658;1;0;0
16/02/2025 12:08;16/02/2025 12:25;2565;2;Urgência Pediátrica;0;0;281;0;704;1;0;1;0;0
16/02/2025 12:08;16/02/2025 12:25;2565;3;Urgência Obstétrica;0;0;0;0;2842;1;0;0;0;0
16/02/2025 12:08;16/02/2025 12:25;2565;4;Urgência Ginecológica;0;0;0;0;2231;0;0;0;0;0
16/02/2025 12:08;16/02/2025 12:25;2565;9;Urgência Psiquiátrica;0;0;0;0;0;0;0;0;0;0
16/02/2025 11:34;16/02/2025 11:39;2564;1;Urgência Geral;0;0;21149;0;3259;3;0;4;0;0
16/02/2025 11:34;16/02/2025 11:39;2564;2;Urgência Pediátrica;0;0;0;0;133;0;418;0;0;0
16/02/2025 11:34;16/02/2025 11:39;2564;10;Urgência Obstétrica / Ginecológica ;0;0;0;0;0;0;0;0;0;0
16/02/2025 12:04;16/02/2025 12:05;2564;1;Urgência Geral;0;0;21149;0;3259;6;0;5;0;0
16/02/2025 12:04;16/02/2025 12:05;2564;2;Urgência Pediátrica;0;0;0;0;133;0;478;0;0;0
16/02/2025 12:04;16/02/2025 12:05;2564;10;Urgência Obstétrica / Ginecológica ;0;0;0;0;0;0;0;0;0;0
16/02/2025 12:14;16/02/2025 12:23;2564;1;Urgência Geral;0;0;44;1;3915;4;0;5;0;0
16/02/2025 12:14;16/02/2025 12:23;2564;2;Urgência Pediátrica;0;0;0;0;183;0;478;0;0;0
16/02/2025 12:14;16/02/2025 12:23;2564;10;Urgência Obstétrica / Ginecológica ;0;0;0;0;0;0;0;0;0;0
16/02/2025 11:36;16/02/2025 11:39;2563;1;Urgencia Geral;0;0;0;0;1217;3;0;0;0;0
16/02/2025 11:56;16/02/2025 12:07;2563;1;Urgencia Geral;0;0;0;0;1581;1;0;0;0;0
16/02/2025 12:08;16/02/2025 12:17;2563;1;Urgencia Geral;0;0;0;0;1905;1;0;0;0;0
16/02/2025 12:17;16/02/2025 12:27;2563;1;Urgencia Geral;0;0;0;0;1905;1;0;0;0;0
16/02/2025 11:32;16/02/2025 11:40;2076;1;Urgencia Geral;0;0;1479;0;1694;7;5341;10;0;0
16/02/2025 11:32;16/02/2025 11:40;2076;2;Urgencia Pediatrica;0;0;0;0;873;3;1710;4;0;0
16/02/2025 11:32;16/02/2025 11:40;2076;4;Urgencia Ginecologica;0;0;0;0;0;0;0;0;0;0
16/02/2025 12:02;16/02/2025 12:07;2076;1;Urgencia Geral;0;1;846;1;1988;5;0;12;0;0
16/02/2025 12:02;16/02/2025 12:07;2076;2;Urgencia Pediatrica;0;0;0;0;2168;1;1710;4;0;0
16/02/2025 12:02;16/02/2025 12:07;2076;4;Urgencia Ginecologica;0;0;0;0;0;0;0;0;0;0
16/02/2025 12:12;16/02/2025 12:18;2076;1;Urgencia Geral;0;1;846;1;1989;5;0;12;0;0
16/02/2025 12:12;16/02/2025 12:18;2076;2;Urgencia Pediatrica;0;0;0;0;1765;1;1710;4;0;0
16/02/2025 12:12;16/02/2025 12:18;2076;4;Urgencia Ginecologica;0;0;0;0;0;0;0;0;0;0
16/02/2025 12:22;16/02/2025 12:28;2076;1;Urgencia Geral;1945;0;899;0;1989;5;0;14;0;0
16/02/2025 12:22;16/02/2025 12:28;2076;2;Urgencia Pediatrica;0;0;0;0;2281;0;0;4;0;0
16/02/2025 12:22;16/02/2025 12:28;2076;4;Urgencia Ginecologica;0;0;0;0;0;0;0;0;0;0
16/02/2025 11:36;16/02/2025 11:39;553;1;Urgência Geral;0;0;0;0;338;0;368;0;0;1
16/02/2025 12:06;16/02/2025 12:07;553;1;Urgência Geral;0;0;0;0;338;2;367;1;850;0
16/02/2025 12:16;16/02/2025 12:26;553;1;Urgência Geral;0;0;0;0;407;0;528;0;850;1
16/02/2025 11:32;16/02/2025 11:39;546;1;Urgência Geral;0;0;0;0;200;0;574;0;0;0
16/02/2025 12:02;16/02/2025 12:07;546;1;Urgência Geral;0;0;0;0;225;1;308;0;0;0
16/02/2025 12:12;16/02/2025 12:17;546;1;Urgência Geral;0;0;0;0;139;1;308;0;0;0
16/02/2025 12:17;16/02/2025 12:27;546;1;Urgência Geral;0;0;0;0;373;0;308;0;0;0
16/02/2025 11:31;16/02/2025 11:39;545;1;Urgência Geral;0;0;0;0;755;0;617;0;0;0
16/02/2025 12:00;16/02/2025 12:07;545;1;Urgência Geral;0;0;279;0;755;0;561;0;0;0
16/02/2025 12:11;16/02/2025 12:27;545;1;Urgência Geral;0;0;279;0;755;0;718;0;0;0
16/02/2025 11:31;16/02/2025 11:38;541;1;Urgência Geral;0;0;290;0;152;0;998;2;0;0
16/02/2025 11:51;16/02/2025 12:03;541;1;Urgência Geral;0;0;290;0;79;0;836;4;0;0
16/02/2025 12:00;16/02/2025 12:12;541;1;Urgência Geral;0;0;261;1;82;0;836;4;0;0
16/02/2025 12:11;16/02/2025 12:20;541;1;Urgência Geral;0;0;339;0;78;1;836;4;0;0
16/02/2025 11:32;16/02/2025 11:39;517;1;Urgência Geral;0;0;0;0;3;0;506;0;241;0
16/02/2025 12:02;16/02/2025 12:07;517;1;Urgência Geral;0;0;0;0;3;0;527;0;241;0
16/02/2025 12:12;16/02/2025 12:17;517;1;Urgência Geral;0;0;0;0;41;0;578;1;241;0
16/02/2025 12:17;16/02/2025 12:26;517;1;Urgência Geral;0;0;0;0;41;0;464;1;241;0
16/02/2025 11:27;16/02/2025 11:39;431;1;Urgência Geral;0;0;211;0;898;1;2134;6;0;0
16/02/2025 11:57;16/02/2025 12:05;431;1;Urgência Geral;0;0;211;0;808;0;3926;4;0;0
16/02/2025 12:07;16/02/2025 12:15;431;1;Urgência Geral;0;0;211;0;808;0;3876;3;0;0
16/02/2025 11:35;16/02/2025 11:39;428;1;Urgência Geral;0;0;353;0;99;0;61;1;0;0
16/02/2025 12:05;16/02/2025 12:07;428;1;Urgência Geral;0;0;565;0;111;0;98;2;0;0
16/02/2025 12:15;16/02/2025 12:17;428;1;Urgência Geral;0;0;565;0;111;0;98;2;0;0
16/02/2025 12:25;16/02/2025 12:28;428;1;Urgência Geral;0;0;565;0;136;0;98;2;0;0
16/02/2025 11:30;16/02/2025 11:39;405;1;Urgência Geral;0;0;0;0;28;0;0;0;0;0
16/02/2025 11:50;16/02/2025 12:05;405;1;Urgência Geral;0;0;0;0;28;0;0;0;0;0
16/02/2025 12:00;16/02/2025 12:14;405;1;Urgência Geral;0;0;0;0;31;0;0;0;0;0
16/02/2025 12:10;16/02/2025 12:22;405;1;Urgência Geral;0;0;0;0;31;0;0;0;0;0
16/02/2025 12:20;16/02/2025 12:31;405;1;Urgência Geral;0;0;0;0;26;0;0;0;0;0
16/02/2025 11:36;16/02/2025 11:39;362;1;Urgencia Geral;0;0;1873;0;1096;1;58;2;0;0
16/02/2025 11:56;16/02/2025 12:07;362;1;Urgencia Geral;0;0;1873;0;1377;1;3761;2;0;0
16/02/2025 12:06;16/02/2025 12:17;362;1;Urgencia Geral;0;0;1873;0;1286;1;2447;1;0;0
16/02/2025 12:15;16/02/2025 12:26;362;1;Urgencia Geral;0;0;1873;1;1258;1;2447;1;0;0
16/02/2025 11:26;16/02/2025 11:39;333;1;Urgência Geral;0;0;641;0;699;3;1398;2;0;0
16/02/2025 11:55;16/02/2025 12:04;333;1;Urgência Geral;0;0;497;0;1772;1;129;2;0;0
16/02/2025 12:06;16/02/2025 12:13;333;1;Urgência Geral;0;0;497;1;1772;1;129;2;0;0
16/02/2025 12:16;16/02/2025 12:22;333;1;Urgência Geral;0;0;509;0;1893;0;5816;1;0;0
16/02/2025 12:26;16/02/2025 12:30;333;1;Urgência Geral;0;0;509;0;1893;0;5816;1;0;0
16/02/2025 11:27;16/02/2025 11:38;318;1;Urgência Geral;0;0;0;0;360;1;0;0;0;0
16/02/2025 11:47;16/02/2025 12:04;318;1;Urgência Geral;0;0;0;0;341;0;0;0;0;0
16/02/2025 11:57;16/02/2025 12:12;318;1;Urgência Geral;0;0;0;0;333;0;0;0;0;0
16/02/2025 12:07;16/02/2025 12:20;318;1;Urgência Geral;0;0;0;0;333;0;0;0;0;0
16/02/2025 12:17;16/02/2025 12:30;318;1;Urgência Geral;0;0;0;0;333;0;0;0;0;0
16/02/2025 11:29;16/02/2025 11:39;266;1;Urgência Geral;0;0;0;0;133;0;161;1;0;2
16/02/2025 11:59;16/02/2025 12:07;266;1;Urgência Geral;0;0;0;0;133;0;68;1;0;2
16/02/2025 12:09;16/02/2025 12:18;266;1;Urgência Geral;0;0;0;0;133;0;153;3;0;2
16/02/2025 11:21;16/02/2025 11:39;238;CHUA050D;Urgência Geral;0;0;0;0;0;0;0;0;0;0
16/02/2025 11:21;16/02/2025 11:39;238;CHUA050D;Urgência Geral;0;0;0;0;0;0;0;0;0;0
16/02/2025 11:21;16/02/2025 11:39;238;CHUA050D;Urgência Geral;0;0;187;0;136;0;297;2;0;0
16/02/2025 11:21;16/02/2025 11:39;238;CHUA050D;Urgência Geral;0;0;1511;1;25150;9;0;0;0;0
16/02/2025 11:21;16/02/2025 11:39;238;CHUA75E4;Urgência Pediatria;0;0;0;0;0;0;0;0;0;0
16/02/2025 12:01;16/02/2025 12:05;238;CHUA050D;Urgência Geral;0;0;0;0;0;0;0;0;0;0
16/02/2025 12:01;16/02/2025 12:05;238;CHUA050D;Urgência Geral;0;0;0;0;0;0;0;0;0;0
16/02/2025 12:01;16/02/2025 12:05;238;CHUA050D;Urgência Geral;0;0;187;0;252;0;614;1;0;0
16/02/2025 12:01;16/02/2025 12:05;238;CHUA050D;Urgência Geral;0;0;1082;2;21535;6;0;0;0;0
16/02/2025 12:01;16/02/2025 12:05;238;CHUA75E4;Urgência Pediatria;0;0;0;0;0;0;0;0;0;0
16/02/2025 12:12;16/02/2025 12:15;238;CHUA050D;Urgência Geral;0;0;0;0;0;0;0;0;0;0
16/02/2025 12:12;16/02/2025 12:15;238;CHUA050D;Urgência Geral;0;0;0;0;0;0;0;0;0;0
16/02/2025 12:12;16/02/2025 12:15;238;CHUA050D;Urgência Geral;0;0;187;0;252;0;730;0;0;0
16/02/2025 12:12;16/02/2025 12:15;238;CHUA050D;Urgência Geral;0;0;1300;0;21535;6;0;0;0;0
16/02/2025 12:12;16/02/2025 12:15;238;CHUA75E4;Urgência Pediatria;0;0;0;0;0;0;0;0;0;0
16/02/2025 12:21;16/02/2025 12:32;238;CHUA050D;Urgência Geral;0;0;0;0;0;0;0;0;0;0
16/02/2025 12:21;16/02/2025 12:32;238;CHUA050D;Urgência Geral;0;0;0;0;0;0;0;0;0;0
16/02/2025 12:21;16/02/2025 12:32;238;CHUA050D;Urgência Geral;0;0;0;0;252;1;730;1;0;0
16/02/2025 12:21;16/02/2025 12:32;238;CHUA050D;Urgência Geral;0;0;1300;0;21535;6;0;0;0;0
16/02/2025 12:21;16/02/2025 12:32;238;CHUA75E4;Urgência Pediatria;0;0;0;0;0;0;0;0;0;0
16/02/2025 11:36;16/02/2025 11:39;237;CHUA050D;Urgência Geral;0;0;0;0;0;0;0;0;0;0
16/02/2025 12:00;16/02/2025 12:07;237;CHUA050D;Urgência Geral;0;0;0;0;0;0;0;0;0;0
16/02/2025 12:16;16/02/2025 12:17;237;CHUA050D;Urgência Geral;0;0;0;0;0;0;0;0;0;0
16/02/2025 11:31;16/02/2025 11:39;235;1;Urgência Geral;0;0;1294;0;4905;11;7647;1;0;0
16/02/2025 11:31;16/02/2025 11:39;235;2;Urgência Pediátrica;0;0;367;0;377;1;849;4;0;0
16/02/2025 11:31;16/02/2025 11:39;235;3;Urgência Obstétrica;0;0;0;1;0;0;0;0;0;0
16/02/2025 11:51;16/02/2025 12:07;235;1;Urgência Geral;0;0;1108;0;5137;11;6664;2;0;0
16/02/2025 11:51;16/02/2025 12:07;235;2;Urgência Pediátrica;0;0;367;0;1363;0;849;4;0;0
16/02/2025 11:51;16/02/2025 12:07;235;3;Urgência Obstétrica;0;0;0;1;0;0;0;0;0;0
16/02/2025 12:11;16/02/2025 12:17;235;1;Urgência Geral;0;0;774;0;4089;9;6664;2;0;0
16/02/2025 12:10;16/02/2025 12:17;235;2;Urgência Pediátrica;0;0;367;0;1363;1;2899;2;0;0
16/02/2025 12:11;16/02/2025 12:17;235;3;Urgência Obstétrica;0;0;0;1;0;0;0;0;0;0
16/02/2025 12:21;16/02/2025 12:26;235;1;Urgência Geral;0;0;774;1;3675;9;6664;2;0;0
16/02/2025 12:21;16/02/2025 12:26;235;2;Urgência Pediátrica;0;0;367;0;1363;1;3925;2;0;0
16/02/2025 12:21;16/02/2025 12:26;235;3;Urgência Obstétrica;0;0;0;1;0;0;0;0;0;0
16/02/2025 11:28;16/02/2025 11:39;234;1;Urgência Geral;0;0;0;0;2452;1;6081;4;0;0
16/02/2025 11:28;16/02/2025 11:39;234;2;Urgência Pediátrica;0;0;0;0;798;0;0;0;0;0
16/02/2025 11:28;16/02/2025 11:39;234;3;Urgência Obstétrica;0;0;0;0;392;0;0;0;0;0
16/02/2025 11:48;16/02/2025 12:05;234;1;Urgência Geral;0;0;0;0;2452;1;4533;2;0;0
16/02/2025 11:48;16/02/2025 12:05;234;2;Urgência Pediátrica;0;0;0;0;798;0;90;0;0;0
16/02/2025 11:48;16/02/2025 12:05;234;3;Urgência Obstétrica;0;0;291;0;392;0;0;0;0;0
16/02/2025 11:58;16/02/2025 12:15;234;1;Urgência Geral;0;0;0;1;3162;1;4533;2;0;0
16/02/2025 11:58;16/02/2025 12:15;234;2;Urgência Pediátrica;0;0;0;0;652;0;90;0;0;0
16/02/2025 11:58;16/02/2025 12:15;234;3;Urgência Obstétrica;0;0;291;0;392;1;0;0;0;0
16/02/2025 12:08;16/02/2025 12:24;234;1;Urgência Geral;0;0;0;1;3162;1;4477;1;0;0
16/02/2025 12:08;16/02/2025 12:24;234;2;Urgência Pediátrica;0;0;0;0;652;0;90;1;0;0
16/02/2025 12:08;16/02/2025 12:24;234;3;Urgência Obstétrica;0;0;291;0;392;1;0;0;0;0
16/02/2025 11:36;16/02/2025 11:39;233;1;Urgência Geral;0;0;1201;0;6356;6;3378;2;1174;0
16/02/2025 11:36;16/02/2025 11:39;233;2;Urgência Pediátrica;0;0;0;0;2874;0;1219;0;0;0
16/02/2025 11:56;16/02/2025 12:06;233;1;Urgência Geral;0;0;1487;0;3050;2;3378;2;336;0
16/02/2025 11:55;16/02/2025 12:06;233;2;Urgência Pediátrica;0;0;0;0;0;0;1219;0;0;0
16/02/2025 12:06;16/02/2025 12:16;233;1;Urgência Geral;0;0;1487;1;3050;2;3378;1;336;0
16/02/2025 12:06;16/02/2025 12:16;233;2;Urgência Pediátrica;0;0;0;0;0;0;1219;0;0;0
16/02/2025 11:28;16/02/2025 11:39;231;1;Urgência Geral;0;0;427;0;574;5;0;0;0;0
16/02/2025 11:58;16/02/2025 12:07;231;1;Urgência Geral;0;0;427;0;1231;5;0;0;0;0
16/02/2025 12:08;16/02/2025 12:17;231;1;Urgência Geral;0;0;427;2;1231;6;0;0;0;0
16/02/2025 12:18;16/02/2025 12:27;231;1;Urgência Geral;0;0;606;0;1231;6;0;0;0;0
16/02/2025 11:28;16/02/2025 11:39;229;URGGO;Urgência de Ginecologia e Obstetrícia;0;0;0;0;5796;2;0;1;0;0
16/02/2025 11:58;16/02/2025 12:07;229;URGGO;Urgência de Ginecologia e Obstetrícia;0;0;0;0;8860;3;0;1;0;0
16/02/2025 12:13;16/02/2025 12:17;229;URGGO;Urgência de Ginecologia e Obstetrícia;0;0;0;0;8860;3;0;1;0;0
16/02/2025 11:25;16/02/2025 11:39;225;1;Urgência Geral;0;0;2347;1;25479;23;40614;8;0;1
16/02/2025 11:25;16/02/2025 11:39;225;2;Urgência Pediátrica;0;0;33;0;31;0;29;0;0;0
16/02/2025 11:25;16/02/2025 11:39;225;3;Urgência Obstétrica;0;0;0;0;0;0;0;0;0;0
16/02/2025 11:25;16/02/2025 11:39;225;4;Urgência Ginecológica;0;0;0;0;0;0;0;0;0;0
16/02/2025 11:55;16/02/2025 12:07;225;1;Urgência Geral;0;1;1222;0;25479;25;29479;10;39020;0
16/02/2025 11:55;16/02/2025 12:07;225;2;Urgência Pediátrica;0;0;53;0;173;0;61;1;0;0
16/02/2025 11:55;16/02/2025 12:07;225;3;Urgência Obstétrica;0;0;0;0;0;0;0;0;0;0
16/02/2025 11:55;16/02/2025 12:07;225;4;Urgência Ginecológica;0;0;0;0;0;0;0;0;0;0
16/02/2025 11:29;16/02/2025 11:38;223;1;Urgência Geral;0;0;360;2;15180;11;17460;13;47160;0
16/02/2025 11:29;16/02/2025 11:38;223;1;Urgência Geral;0;0;0;0;780;0;0;1;0;0
16/02/2025 11:29;16/02/2025 11:38;223;1;Urgência Geral;0;0;0;0;120;0;300;0;0;0
16/02/2025 11:29;16/02/2025 11:38;223;1;Urgência Geral;0;0;0;0;0;0;0;0;0;0
16/02/2025 11:29;16/02/2025 11:38;223;1;Urgência Geral;0;0;0;0;0;0;0;0;0;0
16/02/2025 11:29;16/02/2025 11:38;223;2;Urgência Pediátrica;0;0;0;0;0;0;0;0;0;0
16/02/2025 11:29;16/02/2025 11:38;223;3;Urgência Obstétrica e Ginecológica;0;0;0;0;2100;3;0;0;0;0
16/02/2025 11:29;16/02/2025 11:38;223;4;Serviço de Urgência Básica;0;0;720;1;180;1;2040;13;0;0
16/02/2025 12:00;16/02/2025 12:04;223;1;Urgência Geral;0;0;0;5;14160;12;11580;10;0;0
16/02/2025 12:00;16/02/2025 12:04;223;1;Urgência Geral;0;0;0;0;780;3;0;0;0;0
16/02/2025 12:00;16/02/2025 12:04;223;1;Urgência Geral;0;0;0;0;60;0;300;0;0;0
16/02/2025 12:00;16/02/2025 12:04;223;1;Urgência Geral;0;0;0;0;0;0;0;0;0;0
16/02/2025 12:00;16/02/2025 12:04;223;1;Urgência Geral;0;0;0;0;0;0;0;0;0;0
16/02/2025 12:00;16/02/2025 12:04;223;2;Urgência Pediátrica;0;0;0;0;0;0;0;0;0;0
16/02/2025 12:00;16/02/2025 12:04;223;3;Urgência Obstétrica e Ginecológica;0;0;0;0;1080;2;0;0;0;0
16/02/2025 12:00;16/02/2025 12:04;223;4;Serviço de Urgência Básica;0;0;720;1;180;1;1680;11;0;0
16/02/2025 12:15;16/02/2025 12:30;223;1;Urgência Geral;0;0;120;6;9240;14;11580;11;0;0
16/02/2025 12:15;16/02/2025 12:30;223;1;Urgência Geral;0;0;0;0;1320;2;0;0;0;0
16/02/2025 12:15;16/02/2025 12:30;223;1;Urgência Geral;0;0;0;0;60;0;300;0;0;0
16/02/2025 12:15;16/02/2025 12:30;223;1;Urgência Geral;0;0;0;0;0;0;0;0;0;0
16/02/2025 12:15;16/02/2025 12:30;223;1;Urgência Geral;0;0;0;0;0;0;0;0;0;0
16/02/2025 12:15;16/02/2025 12:30;223;2;Urgência Pediátrica;0;0;0;0;0;0;0;0;0;0
16/02/2025 12:15;16/02/2025 12:30;223;3;Urgência Obstétrica e Ginecológica;0;0;0;0;0;0;0;0;0;0
16/02/2025 12:15;16/02/2025 12:30;223;4;Serviço de Urgência Básica;0;0;720;1;240;3;2760;14;0;0
16/02/2025 11:28;16/02/2025 11:38;222;1;Urgência Geral;0;0;0;0;2524;3;2489;6;0;0
16/02/2025 11:58;16/02/2025 12:03;222;1;Urgência Geral;0;0;0;0;2621;1;0;7;0;0
16/02/2025 12:08;16/02/2025 12:11;222;1;Urgência Geral;0;0;0;0;2542;1;0;8;0;0
16/02/2025 12:18;16/02/2025 12:29;222;1;Urgência Geral;0;0;0;0;2542;1;0;8;0;0
16/02/2025 11:31;16/02/2025 11:39;221;GER;Urgência Geral;0;0;1077;0;1181;0;1283;3;0;0
16/02/2025 12:03;16/02/2025 12:07;221;GER;Urgência Geral;0;0;1077;0;1407;0;908;3;0;0
16/02/2025 12:10;16/02/2025 12:17;221;GER;Urgência Geral;0;0;979;0;1407;2;908;3;0;0
16/02/2025 12:19;16/02/2025 12:27;221;GER;Urgência Geral;0;0;979;0;1407;2;959;5;0;0
16/02/2025 11:34;16/02/2025 11:39;220;1;Urgência Geral;0;0;1325;0;1711;2;2214;0;0;0
16/02/2025 11:34;16/02/2025 11:39;220;2;Urgência Pediátrica;0;0;0;0;1442;0;295;0;0;0
16/02/2025 11:34;16/02/2025 11:39;220;10;Urgência Obstétrica / Ginecológica ;0;0;0;0;0;0;0;0;0;0
16/02/2025 12:04;16/02/2025 12:05;220;1;Urgência Geral;0;0;1325;0;1551;5;2214;1;0;0
16/02/2025 12:04;16/02/2025 12:05;220;2;Urgência Pediátrica;0;0;0;0;1255;0;318;0;0;0
16/02/2025 12:04;16/02/2025 12:05;220;10;Urgência Obstétrica / Ginecológica ;0;0;0;0;0;0;0;0;0;0
16/02/2025 12:14;16/02/2025 12:23;220;1;Urgência Geral;0;0;1241;0;1551;6;2214;1;0;0
16/02/2025 12:14;16/02/2025 12:23;220;2;Urgência Pediátrica;0;0;0;0;1271;0;215;1;0;0
16/02/2025 12:14;16/02/2025 12:23;220;10;Urgência Obstétrica / Ginecológica ;0;0;0;0;0;0;0;0;0;0
16/02/2025 11:33;16/02/2025 11:38;219;1;Urgência Geral;0;0;1072;0;2397;7;5642;7;0;0
16/02/2025 11:33;16/02/2025 11:38;219;2;Urgência Pediátrica;0;0;0;0;2925;0;876;1;0;0
16/02/2025 11:33;16/02/2025 11:38;219;10;Urgência Obstétrica / Ginecológica ;0;0;0;0;0;0;0;0;0;0
16/02/2025 11:52;16/02/2025 12:04;219;1;Urgência Geral;0;0;806;0;3523;3;4908;6;0;0
16/02/2025 11:53;16/02/2025 12:04;219;2;Urgência Pediátrica;0;0;0;0;2925;0;686;0;0;0
16/02/2025 11:53;16/02/2025 12:04;219;10;Urgência Obstétrica / Ginecológica ;0;0;0;0;0;0;0;0;0;0
16/02/2025 12:03;16/02/2025 12:13;219;1;Urgência Geral;0;0;806;0;3523;3;4908;7;0;0
16/02/2025 12:03;16/02/2025 12:13;219;2;Urgência Pediátrica;0;0;0;0;2925;0;686;0;0;0
16/02/2025 12:03;16/02/2025 12:13;219;10;Urgência Obstétrica / Ginecológica ;0;0;0;0;0;0;0;0;0;0
16/02/2025 12:13;16/02/2025 12:21;219;1;Urgência Geral;0;0;806;1;3471;4;4477;7;0;0
16/02/2025 12:13;16/02/2025 12:21;219;2;Urgência Pediátrica;0;0;0;0;2925;0;686;0;0;0
16/02/2025 12:13;16/02/2025 12:21;219;10;Urgência Obstétrica / Ginecológica ;0;0;0;0;0;0;0;0;0;0
16/02/2025 11:28;16/02/2025 11:39;218;CHLN1B20;Urgência Central;0;0;0;0;1106;0;1990;1;0;0
16/02/2025 11:28;16/02/2025 11:39;218;CHLN1B20;Urgência Central;0;0;0;0;3309;5;4430;4;0;0
16/02/2025 11:58;16/02/2025 12:07;218;CHLN1B20;Urgência Central;0;0;0;0;1095;1;1884;2;0;0
16/02/2025 11:58;16/02/2025 12:07;218;CHLN1B20;Urgência Central;0;0;0;1;2521;5;3483;5;0;0
16/02/2025 12:13;16/02/2025 12:17;218;CHLN1B20;Urgência Central;0;0;0;0;1067;2;1868;2;0;0
16/02/2025 12:13;16/02/2025 12:17;218;CHLN1B20;Urgência Central;0;0;0;1;2441;5;3632;4;0;0
16/02/2025 11:32;16/02/2025 11:39;216;1;Urgência Geral;0;0;112;1;1759;5;8942;3;0;0
16/02/2025 11:32;16/02/2025 11:39;216;2;Urgência Pediátrica;0;0;631;0;1638;2;246;2;0;0
16/02/2025 11:32;16/02/2025 11:39;216;10;Urgência Obstétrica / Ginecológica ;0;0;0;0;0;0;2060;0;0;0
16/02/2025 12:02;16/02/2025 12:06;216;1;Urgência Geral;0;0;642;0;869;6;1548;1;0;0
16/02/2025 12:02;16/02/2025 12:06;216;2;Urgência Pediátrica;0;0;366;0;2887;1;246;3;0;0
16/02/2025 12:02;16/02/2025 12:06;216;10;Urgência Obstétrica / Ginecológica ;0;0;0;0;0;0;2060;0;0;0
16/02/2025 12:12;16/02/2025 12:16;216;1;Urgência Geral;0;0;907;0;1107;6;1548;2;0;0
16/02/2025 12:12;16/02/2025 12:16;216;2;Urgência Pediátrica;0;0;366;0;2887;1;1404;2;0;0
16/02/2025 12:12;16/02/2025 12:16;216;10;Urgência Obstétrica / Ginecológica ;0;0;0;0;0;0;2060;0;0;0
16/02/2025 11:27;16/02/2025 11:39;215;1;Urgência Geral;0;0;5644;1;1962;4;3084;4;0;0
16/02/2025 11:27;16/02/2025 11:39;215;2;Urgência Pediátrica;0;0;210;0;518;1;513;0;0;0
16/02/2025 11:27;16/02/2025 11:39;215;10;Urgência Obstétrica / Ginecológica ;0;0;0;0;0;0;0;0;0;0
16/02/2025 11:58;16/02/2025 12:06;215;1;Urgência Geral;0;0;3012;3;1799;7;3494;2;0;0
16/02/2025 11:58;16/02/2025 12:06;215;2;Urgência Pediátrica;0;0;151;0;1081;0;631;2;0;0
16/02/2025 11:58;16/02/2025 12:06;215;10;Urgência Obstétrica / Ginecológica ;0;0;0;0;0;0;0;0;0;0
16/02/2025 12:08;16/02/2025 12:16;215;1;Urgência Geral;0;0;3012;3;1881;7;3494;3;0;0
16/02/2025 12:08;16/02/2025 12:16;215;2;Urgência Pediátrica;0;0;151;0;1081;1;955;1;0;0
16/02/2025 12:08;16/02/2025 12:16;215;10;Urgência Obstétrica / Ginecológica ;0;0;0;0;0;0;0;0;0;0
16/02/2025 12:18;16/02/2025 12:25;215;1;Urgência Geral;0;0;3012;3;2742;8;3553;4;0;0
16/02/2025 12:18;16/02/2025 12:25;215;2;Urgência Pediátrica;0;0;93;0;967;0;955;1;0;0
16/02/2025 12:18;16/02/2025 12:25;215;10;Urgência Obstétrica / Ginecológica ;0;0;0;0;0;0;0;0;0;0
16/02/2025 11:30;16/02/2025 11:39;214;10011;Urgência Geral;0;0;739;0;2747;2;1538;2;0;1
16/02/2025 11:30;16/02/2025 11:39;214;10012;Urgência Pediátrica;0;0;0;0;512;1;700;1;2997;0
16/02/2025 11:30;16/02/2025 11:39;214;10013;Urgência Ginecológica/Obstétrica;0;0;0;0;0;0;0;0;0;0
16/02/2025 11:59;16/02/2025 12:06;214;10011;Urgência Geral;0;0;0;0;1695;7;2040;2;0;1
16/02/2025 11:59;16/02/2025 12:06;214;10012;Urgência Pediátrica;0;0;0;0;476;0;615;0;2997;0
16/02/2025 12:00;16/02/2025 12:06;214;10013;Urgência Ginecológica/Obstétrica;0;0;0;0;0;0;0;0;0;0
16/02/2025 12:15;16/02/2025 12:25;214;10011;Urgência Geral;0;0;0;0;1176;9;2152;2;0;1
16/02/2025 12:15;16/02/2025 12:25;214;10012;Urgência Pediátrica;0;0;0;0;359;0;615;0;2997;0
16/02/2025 12:15;16/02/2025 12:25;214;10013;Urgência Ginecológica/Obstétrica;0;0;0;0;0;0;0;0;0;0
16/02/2025 11:28;16/02/2025 11:38;213;1;Urgência Geral;0;0;1403;0;4246;4;11947;8;0;0
16/02/2025 11:28;16/02/2025 11:38;213;2;Urgência Pediátrica;0;0;0;0;839;1;545;2;0;0
16/02/2025 11:28;16/02/2025 11:38;213;10;Urgência Obstétrica / Ginecológica ;0;0;0;0;0;0;0;0;0;0
16/02/2025 11:58;16/02/2025 12:03;213;1;Urgência Geral;0;0;1403;0;3762;6;11564;7;0;0
16/02/2025 11:58;16/02/2025 12:03;213;2;Urgência Pediátrica;0;0;0;0;616;0;749;3;0;0
16/02/2025 11:58;16/02/2025 12:03;213;10;Urgência Obstétrica / Ginecológica ;0;0;0;0;0;0;0;0;0;0
16/02/2025 12:18;16/02/2025 12:20;213;1;Urgência Geral;0;0;1013;0;3187;6;10663;4;0;0
16/02/2025 12:18;16/02/2025 12:20;213;2;Urgência Pediátrica;0;0;0;0;616;0;1316;1;0;0
16/02/2025 12:18;16/02/2025 12:20;213;10;Urgência Obstétrica / Ginecológica ;0;0;0;0;0;0;0;0;0;0
16/02/2025 11:32;16/02/2025 11:39;212;6;Urgência Oftalmológica;0;0;0;0;0;0;0;0;0;0
16/02/2025 12:02;16/02/2025 12:07;212;6;Urgência Oftalmológica;0;0;0;0;0;0;0;0;0;0
16/02/2025 12:12;16/02/2025 12:17;212;6;Urgência Oftalmológica;0;0;0;0;0;0;0;0;0;0
16/02/2025 12:22;16/02/2025 12:28;212;6;Urgência Oftalmológica;0;0;0;0;0;0;0;0;0;0
16/02/2025 11:28;16/02/2025 11:38;211;URGGER;Urgência Polivalente;0;0;171;0;405;1;0;0;0;0
16/02/2025 11:28;16/02/2025 11:38;211;URGGER;Urgência Polivalente;0;0;0;0;1373;0;0;0;0;0
16/02/2025 11:28;16/02/2025 11:38;211;URGGER;Urgência Polivalente;0;0;0;0;0;0;0;0;0;0
16/02/2025 11:28;16/02/2025 11:38;211;URGGER;Urgência Polivalente;0;0;0;0;365;0;944;0;0;0
16/02/2025 11:28;16/02/2025 11:38;211;URGGER;Urgência Polivalente;0;0;0;0;0;0;0;0;0;0
16/02/2025 11:28;16/02/2025 11:38;211;URGGER;Urgência Polivalente;0;0;0;0;0;0;0;0;0;1
16/02/2025 11:58;16/02/2025 12:03;211;URGGER;Urgência Polivalente;0;0;171;0;256;0;0;0;0;0
16/02/2025 11:58;16/02/2025 12:03;211;URGGER;Urgência Polivalente;0;0;0;0;221;1;0;0;0;0
16/02/2025 11:58;16/02/2025 12:03;211;URGGER;Urgência Polivalente;0;0;0;0;0;0;0;0;0;0
16/02/2025 11:58;16/02/2025 12:03;211;URGGER;Urgência Polivalente;0;0;0;0;312;0;944;0;0;0
16/02/2025 11:58;16/02/2025 12:03;211;URGGER;Urgência Polivalente;0;0;0;0;0;0;0;0;0;0
16/02/2025 11:58;16/02/2025 12:03;211;URGGER;Urgência Polivalente;0;0;0;0;0;1;0;0;0;1
16/02/2025 12:13;16/02/2025 12:20;211;URGGER;Urgência Polivalente;0;0;171;0;295;0;0;0;0;0
16/02/2025 12:13;16/02/2025 12:20;211;URGGER;Urgência Polivalente;0;0;0;0;364;0;0;0;0;0
16/02/2025 12:13;16/02/2025 12:20;211;URGGER;Urgência Polivalente;0;0;0;0;0;0;0;0;0;0
16/02/2025 12:13;16/02/2025 12:20;211;URGGER;Urgência Polivalente;0;0;0;0;312;0;944;0;0;0
16/02/2025 12:13;16/02/2025 12:20;211;URGGER;Urgência Polivalente;0;0;0;0;0;0;0;0;0;0
16/02/2025 12:13;16/02/2025 12:20;211;URGGER;Urgência Polivalente;0;0;0;0;1675;0;0;0;0;1
16/02/2025 11:28;16/02/2025 11:38;208;URGPED;Urgência Pediátrica;0;0;0;0;0;0;0;0;0;0
16/02/2025 11:28;16/02/2025 11:38;208;URGPED;Urgência Pediátrica;0;0;0;0;0;0;1551;4;2345;1
16/02/2025 11:28;16/02/2025 11:38;208;URGPED;Urgência Pediátrica;0;0;0;0;3013;1;0;0;1134;1
16/02/2025 11:28;16/02/2025 11:38;208;URGPED;Urgência Pediátrica;0;0;0;0;0;0;0;0;0;0
16/02/2025 11:28;16/02/2025 11:38;208;URGPED;Urgência Pediátrica;0;0;0;0;1740;4;3221;3;0;0
16/02/2025 11:58;16/02/2025 12:04;208;URGPED;Urgência Pediátrica;0;0;0;0;0;0;0;0;0;0
16/02/2025 11:58;16/02/2025 12:04;208;URGPED;Urgência Pediátrica;0;0;0;0;0;0;829;3;2345;1
16/02/2025 11:58;16/02/2025 12:04;208;URGPED;Urgência Pediátrica;0;0;0;0;0;0;0;0;1134;1
16/02/2025 11:58;16/02/2025 12:04;208;URGPED;Urgência Pediátrica;0;0;0;0;0;0;0;0;0;0
16/02/2025 11:58;16/02/2025 12:04;208;URGPED;Urgência Pediátrica;0;0;0;0;2707;4;2956;2;0;0
16/02/2025 12:13;16/02/2025 12:22;208;URGPED;Urgência Pediátrica;0;0;0;0;0;0;0;0;0;0
16/02/2025 12:13;16/02/2025 12:22;208;URGPED;Urgência Pediátrica;0;0;0;0;0;0;829;3;2345;1
16/02/2025 12:13;16/02/2025 12:22;208;URGPED;Urgência Pediátrica;0;0;0;0;295;1;2285;1;0;0
16/02/2025 12:13;16/02/2025 12:22;208;URGPED;Urgência Pediátrica;0;0;0;0;0;0;0;0;0;0
16/02/2025 12:13;16/02/2025 12:22;208;URGPED;Urgência Pediátrica;0;0;0;0;3260;3;3324;3;0;0
16/02/2025 11:29;16/02/2025 11:38;205;1;Urgência Geral;0;0;309;0;719;1;1954;2;0;0
16/02/2025 11:29;16/02/2025 11:38;205;2;Urgência Pediátrica;0;0;0;0;464;1;641;3;0;0
16/02/2025 11:29;16/02/2025 11:38;205;3;Urgência Obstétrica;0;0;0;0;0;0;0;0;0;0
16/02/2025 11:59;16/02/2025 12:03;205;1;Urgência Geral;0;0;309;0;713;2;769;2;0;0
16/02/2025 11:59;16/02/2025 12:03;205;2;Urgência Pediátrica;0;0;0;0;1224;1;2026;2;0;0
16/02/2025 11:59;16/02/2025 12:03;205;3;Urgência Obstétrica;0;0;0;0;0;0;0;0;0;0
16/02/2025 12:09;16/02/2025 12:20;205;1;Urgência Geral;0;0;309;0;636;0;645;5;0;0
16/02/2025 12:09;16/02/2025 12:20;205;2;Urgência Pediátrica;0;0;0;0;1224;1;2166;2;0;0
16/02/2025 12:09;16/02/2025 12:20;205;3;Urgência Obstétrica;0;0;0;0;0;0;0;0;0;0
16/02/2025 12:19;16/02/2025 12:30;205;1;Urgência Geral;0;0;309;0;636;0;1135;3;0;0
16/02/2025 12:19;16/02/2025 12:30;205;2;Urgência Pediátrica;0;0;0;0;1224;1;2583;3;0;0
16/02/2025 12:19;16/02/2025 12:30;205;3;Urgência Obstétrica;0;0;0;0;0;0;0;0;0;0
16/02/2025 11:29;16/02/2025 11:39;204;1;Urgência Geral;0;0;119;0;1140;0;314;0;0;0
16/02/2025 11:59;16/02/2025 12:07;204;1;Urgência Geral;0;0;119;1;994;0;411;0;0;0
16/02/2025 12:09;16/02/2025 12:17;204;1;Urgência Geral;0;0;119;1;994;0;587;2;0;0
16/02/2025 12:19;16/02/2025 12:28;204;1;Urgência Geral;0;0;780;0;509;0;459;2;0;0
16/02/2025 11:29;16/02/2025 11:39;203;1;Urgência Geral;0;0;1448;0;998;1;1431;2;0;0
16/02/2025 11:29;16/02/2025 11:39;203;2;Urgência Pediátrica;0;0;0;0;0;0;0;0;0;0
16/02/2025 11:49;16/02/2025 12:06;203;1;Urgência Geral;0;0;1448;0;1067;3;1133;2;0;0
16/02/2025 11:49;16/02/2025 12:06;203;2;Urgência Pediátrica;0;0;0;0;0;0;0;0;0;0
16/02/2025 11:59;16/02/2025 12:16;203;1;Urgência Geral;0;0;1448;1;1043;3;2057;1;0;0
16/02/2025 11:59;16/02/2025 12:16;203;2;Urgência Pediátrica;0;0;0;0;0;0;0;0;0;0
16/02/2025 12:09;16/02/2025 12:25;203;1;Urgência Geral;0;0;1448;1;956;4;2057;1;0;0
16/02/2025 12:09;16/02/2025 12:25;203;2;Urgência Pediátrica;0;0;0;0;0;0;0;0;0;0
16/02/2025 11:30;16/02/2025 11:39;194;1;Urgência Geral;0;0;150;0;399;2;1025;1;0;0
16/02/2025 11:30;16/02/2025 11:39;194;2;Urgência Pediátrica;0;0;0;0;0;0;706;0;0;0
16/02/2025 11:30;16/02/2025 11:39;194;3;Urgência Obstétrica;0;0;0;0;0;0;288;0;0;0
16/02/2025 12:00;16/02/2025 12:07;194;1;Urgência Geral;0;0;150;0;490;1;1019;0;0;0
16/02/2025 12:00;16/02/2025 12:07;194;2;Urgência Pediátrica;0;0;0;0;0;0;832;0;0;0
16/02/2025 12:00;16/02/2025 12:07;194;3;Urgência Obstétrica;0;0;0;0;0;0;319;0;0;0
16/02/2025 12:10;16/02/2025 12:17;194;1;Urgência Geral;0;0;150;0;469;1;1019;1;0;0
16/02/2025 12:10;16/02/2025 12:17;194;2;Urgência Pediátrica;0;0;0;0;0;0;670;0;0;0
16/02/2025 12:10;16/02/2025 12:17;194;3;Urgência Obstétrica;0;0;0;0;0;0;246;0;0;0
16/02/2025 11:30;16/02/2025 11:38;191;1;Urgência Geral;0;0;1351;0;2171;9;5774;3;0;0
16/02/2025 11:50;16/02/2025 12:04;191;1;Urgência Geral;0;0;1351;0;2171;10;5774;3;0;0
16/02/2025 12:00;16/02/2025 12:13;191;1;Urgência Geral;0;0;730;0;2171;9;5774;3;0;0
16/02/2025 12:10;16/02/2025 12:21;191;1;Urgência Geral;0;0;730;0;3460;10;5774;3;0;0
16/02/2025 12:20;16/02/2025 12:30;191;1;Urgência Geral;0;0;730;0;3313;10;5774;1;0;0
16/02/2025 11:26;16/02/2025 11:38;189;1;Urgência Geral;0;0;358;0;2934;9;1492;1;0;0
16/02/2025 11:26;16/02/2025 11:38;189;2;Urgência Pediátrica;0;0;0;0;855;2;0;0;0;0
16/02/2025 11:26;16/02/2025 11:38;189;3;Urgência Obstétrica;0;0;0;0;1405;0;2937;0;0;0
16/02/2025 11:26;16/02/2025 11:38;189;4;Urgência Ginecológica;0;0;0;0;0;0;0;0;0;0
16/02/2025 11:56;16/02/2025 12:04;189;1;Urgência Geral;157;0;353;0;2530;13;1747;2;0;1
16/02/2025 11:56;16/02/2025 12:04;189;2;Urgência Pediátrica;0;0;0;1;960;2;0;1;0;0
16/02/2025 11:56;16/02/2025 12:04;189;3;Urgência Obstétrica;0;0;0;0;1405;1;2937;0;0;0
16/02/2025 11:56;16/02/2025 12:04;189;4;Urgência Ginecológica;0;0;0;0;0;0;0;0;0;0
16/02/2025 12:06;16/02/2025 12:13;189;1;Urgência Geral;157;0;353;0;2294;14;1747;2;0;1
16/02/2025 12:06;16/02/2025 12:13;189;2;Urgência Pediátrica;0;0;850;0;1053;2;0;0;0;0
16/02/2025 12:06;16/02/2025 12:13;189;3;Urgência Obstétrica;0;0;0;0;1210;0;2937;0;0;0
16/02/2025 12:06;16/02/2025 12:13;189;4;Urgência Ginecológica;0;0;0;0;0;0;0;0;0;0
16/02/2025 12:16;16/02/2025 12:21;189;1;Urgência Geral;157;0;353;1;2164;15;1747;2;0;2
16/02/2025 12:16;16/02/2025 12:21;189;2;Urgência Pediátrica;0;0;850;0;1230;2;0;0;0;0
16/02/2025 12:16;16/02/2025 12:21;189;3;Urgência Obstétrica;0;0;0;0;1210;0;0;0;0;0
16/02/2025 12:16;16/02/2025 12:21;189;4;Urgência Ginecológica;0;0;0;0;0;0;0;0;0;0
16/02/2025 11:29;16/02/2025 11:38;186;1;Urgencia Geral;0;0;1132;0;1749;1;4689;1;0;0
16/02/2025 11:59;16/02/2025 12:04;186;1;Urgencia Geral;0;0;1132;0;1795;1;4689;2;0;0
16/02/2025 12:19;16/02/2025 12:22;186;1;Urgencia Geral;0;0;1132;0;1745;0;4689;2;0;0
16/02/2025 11:30;16/02/2025 11:39;185;21;SERVICO URGENCIA BASICO;0;0;0;0;180;1;180;0;0;0
16/02/2025 11:59;16/02/2025 12:05;185;21;SERVICO URGENCIA BASICO;0;0;0;0;240;0;60;0;0;0
16/02/2025 12:19;16/02/2025 12:22;185;21;SERVICO URGENCIA BASICO;0;0;0;0;240;0;240;0;0;0
16/02/2025 11:30;16/02/2025 11:38;184;31;SERVICO URGENCIA BASICO;0;0;720;0;4380;8;0;0;0;0
16/02/2025 11:59;16/02/2025 12:04;184;31;SERVICO URGENCIA BASICO;0;0;0;0;5040;10;0;0;0;0
16/02/2025 12:10;16/02/2025 12:21;184;31;SERVICO URGENCIA BASICO;0;0;0;0;5040;11;3720;1;0;0
16/02/2025 12:19;16/02/2025 12:30;184;31;SERVICO URGENCIA BASICO;0;0;0;0;5220;10;3720;1;0;0
16/02/2025 11:27;16/02/2025 11:39;183;1;Urgência Geral;0;0;381;0;3009;3;3965;5;0;1
16/02/2025 11:57;16/02/2025 12:06;183;1;Urgência Geral;0;0;381;0;3348;3;4398;5;0;1
16/02/2025 12:07;16/02/2025 12:16;183;1;Urgência Geral;0;0;381;0;3460;3;4400;3;0;1
16/02/2025 12:17;16/02/2025 12:25;183;1;Urgência Geral;0;0;381;0;3460;4;4462;3;0;1
16/02/2025 11:36;16/02/2025 11:39;182;1;Urgência Geral;0;0;298;0;2095;4;2627;2;0;0
16/02/2025 11:56;16/02/2025 12:06;182;1;Urgência Geral;0;0;298;1;2390;5;2627;2;0;0
16/02/2025 12:06;16/02/2025 12:16;182;1;Urgência Geral;0;0;337;0;2175;4;2627;2;0;0
16/02/2025 12:16;16/02/2025 12:25;182;1;Urgência Geral;0;0;337;0;2267;2;0;3;0;0
16/02/2025 11:34;16/02/2025 11:39;181;1;Urgência Geral;0;0;0;0;1262;3;1465;0;0;0
16/02/2025 11:34;16/02/2025 11:39;181;2;Urgência Pediátrica;0;0;0;0;969;0;1104;0;0;0
16/02/2025 11:54;16/02/2025 12:06;181;1;Urgência Geral;0;0;521;0;1392;2;1465;0;0;0
16/02/2025 11:54;16/02/2025 12:06;181;2;Urgência Pediátrica;0;0;0;0;998;0;1025;0;0;0
16/02/2025 12:04;16/02/2025 12:15;181;1;Urgência Geral;0;0;521;1;1392;2;1584;0;0;0
16/02/2025 12:04;16/02/2025 12:15;181;2;Urgência Pediátrica;0;0;0;0;880;1;1025;1;0;0
16/02/2025 12:14;16/02/2025 12:24;181;1;Urgência Geral;0;0;521;2;1463;0;1584;0;0;0
16/02/2025 12:14;16/02/2025 12:24;181;2;Urgência Pediátrica;0;0;0;0;776;0;969;0;0;0
16/02/2025 11:29;16/02/2025 11:39;180;1;Urgencia Geral;0;0;0;1;4055;16;7610;5;0;1
16/02/2025 11:29;16/02/2025 11:39;180;2;Urgencia Pediatrica;0;0;2983;0;2484;0;1179;2;0;0
16/02/2025 11:29;16/02/2025 11:39;180;3;Urgencia Obstetrica;0;1;0;0;0;0;0;0;0;0
16/02/2025 11:59;16/02/2025 12:07;180;1;Urgencia Geral;0;0;2370;0;4563;17;14725;6;0;1
16/02/2025 11:59;16/02/2025 12:07;180;2;Urgencia Pediatrica;0;0;2983;0;2183;1;1883;2;0;0
16/02/2025 11:59;16/02/2025 12:07;180;3;Urgencia Obstetrica;0;1;0;0;0;0;0;0;0;0
16/02/2025 12:09;16/02/2025 12:17;180;1;Urgencia Geral;0;0;2370;0;4934;19;14725;6;0;1
16/02/2025 12:09;16/02/2025 12:17;180;2;Urgencia Pediatrica;0;0;2983;0;2183;1;3169;1;0;0
16/02/2025 12:09;16/02/2025 12:17;180;3;Urgencia Obstetrica;0;1;0;0;0;0;0;0;0;0
16/02/2025 12:18;16/02/2025 12:27;180;1;Urgencia Geral;0;0;2370;0;5375;20;14725;7;0;1
16/02/2025 12:19;16/02/2025 12:27;180;2;Urgencia Pediatrica;0;0;0;0;1337;0;2682;0;0;0
16/02/2025 12:19;16/02/2025 12:27;180;3;Urgencia Obstetrica;0;1;0;0;0;0;0;0;0;0
16/02/2025 11:35;16/02/2025 11:39;179;9;Urgência Psiquiátrica;0;0;0;0;96;0;325;1;0;0
16/02/2025 11:29;16/02/2025 11:39;179;CHTV289C;SU Pediátrica;0;0;0;0;1285;1;3415;8;0;0
16/02/2025 11:29;16/02/2025 11:39;179;CHTV6429;SU Geral;0;0;0;0;0;0;0;0;0;0
16/02/2025 11:29;16/02/2025 11:39;179;CHTV6429;SU Geral;0;0;0;0;0;0;0;0;0;0
16/02/2025 11:29;16/02/2025 11:39;179;CHTV6429;SU Geral;0;0;0;0;0;0;0;0;0;0
16/02/2025 11:29;16/02/2025 11:39;179;CHTV6429;SU Geral;0;0;415;0;1610;0;3394;17;0;1
16/02/2025 11:29;16/02/2025 11:39;179;CHTV6429;SU Geral;0;0;0;0;0;0;0;0;0;0
16/02/2025 11:29;16/02/2025 11:39;179;CHTV6429;SU Geral;0;0;0;0;0;0;0;0;0;0
16/02/2025 11:29;16/02/2025 11:39;179;CHTV6429;SU Geral;0;0;0;0;0;0;0;0;0;0
16/02/2025 11:29;16/02/2025 11:39;179;CHTV6429;SU Geral;0;0;0;0;0;0;0;0;0;0
16/02/2025 11:29;16/02/2025 11:39;179;CHTV6429;SU Geral;0;0;0;0;0;0;0;0;0;0
16/02/2025 11:29;16/02/2025 11:39;179;CHTV6429;SU Geral;0;0;0;0;0;0;0;0;0;0
16/02/2025 11:29;16/02/2025 11:39;179;CHTV6429;SU Geral;0;0;0;0;0;0;0;0;0;0
16/02/2025 11:29;16/02/2025 11:39;179;CHTV6429;SU Geral;0;0;0;0;0;0;0;0;0;0
16/02/2025 11:29;16/02/2025 11:39;179;CHTV6429;SU Geral;0;0;0;0;0;0;0;0;0;0
16/02/2025 11:29;16/02/2025 11:39;179;CHTV6429;SU Geral;0;0;0;0;0;0;0;0;0;0
16/02/2025 11:29;16/02/2025 11:39;179;CHTV6429;SU Geral;0;0;0;0;0;0;0;0;0;0
16/02/2025 11:29;16/02/2025 11:39;179;CHTV6429;SU Geral;0;0;0;0;0;0;0;0;0;0
16/02/2025 11:29;16/02/2025 11:39;179;CHTV6429;SU Geral;0;0;0;0;0;0;0;0;0;0
16/02/2025 11:29;16/02/2025 11:39;179;CHTV6429;SU Geral;0;0;0;0;0;0;0;0;0;0
16/02/2025 11:29;16/02/2025 11:39;179;CHTV6429;SU Geral;0;0;0;0;0;0;0;0;0;0
16/02/2025 11:29;16/02/2025 11:39;179;CHTV6429;SU Geral;0;0;0;0;0;0;0;0;0;0
16/02/2025 11:29;16/02/2025 11:39;179;CHTV6429;SU Geral;0;0;0;0;0;0;0;0;0;0
16/02/2025 11:29;16/02/2025 11:39;179;CHTV6429;SU Geral;0;0;0;0;0;0;0;0;0;0
16/02/2025 11:29;16/02/2025 11:39;179;CHTV6429;SU Geral;0;0;0;0;0;0;0;0;0;0
16/02/2025 11:29;16/02/2025 11:39;179;CHTV6429;SU Geral;0;0;0;0;0;0;0;0;0;0
16/02/2025 11:29;16/02/2025 11:39;179;CHTV6429;SU Geral;0;0;0;0;0;0;0;0;0;0
16/02/2025 11:29;16/02/2025 11:39;179;CHTV6429;SU Geral;0;0;0;0;0;0;0;0;0;0
16/02/2025 11:55;16/02/2025 12:06;179;9;Urgência Psiquiátrica;0;0;68;0;129;1;325;1;0;0
16/02/2025 11:50;16/02/2025 12:06;179;CHTV289C;SU Pediátrica;0;0;0;0;711;0;3016;7;0;0
16/02/2025 11:49;16/02/2025 12:06;179;CHTV6429;SU Geral;0;0;0;0;0;0;0;0;0;0
16/02/2025 11:49;16/02/2025 12:06;179;CHTV6429;SU Geral;0;0;0;0;0;0;0;0;0;0
16/02/2025 11:50;16/02/2025 12:06;179;CHTV6429;SU Geral;0;0;0;0;0;0;0;0;0;0
16/02/2025 11:50;16/02/2025 12:06;179;CHTV6429;SU Geral;0;0;426;0;1621;2;3217;17;0;1
16/02/2025 11:50;16/02/2025 12:06;179;CHTV6429;SU Geral;0;0;0;0;0;0;0;0;0;0
16/02/2025 11:50;16/02/2025 12:06;179;CHTV6429;SU Geral;0;0;0;0;0;0;0;0;0;0
16/02/2025 11:50;16/02/2025 12:06;179;CHTV6429;SU Geral;0;0;0;0;0;0;0;0;0;0
16/02/2025 11:50;16/02/2025 12:06;179;CHTV6429;SU Geral;0;0;0;0;0;0;0;0;0;0
16/02/2025 11:50;16/02/2025 12:06;179;CHTV6429;SU Geral;0;0;0;0;0;0;0;0;0;0
16/02/2025 11:50;16/02/2025 12:06;179;CHTV6429;SU Geral;0;0;0;0;0;0;0;0;0;0
16/02/2025 11:50;16/02/2025 12:06;179;CHTV6429;SU Geral;0;0;0;0;0;0;0;0;0;0
16/02/2025 11:50;16/02/2025 12:06;179;CHTV6429;SU Geral;0;0;0;0;0;0;0;0;0;0
16/02/2025 11:50;16/02/2025 12:06;179;CHTV6429;SU Geral;0;0;0;0;0;0;0;0;0;0
16/02/2025 11:50;16/02/2025 12:06;179;CHTV6429;SU Geral;0;0;0;0;0;0;0;0;0;0
16/02/2025 11:50;16/02/2025 12:06;179;CHTV6429;SU Geral;0;0;0;0;0;0;0;0;0;0
16/02/2025 11:49;16/02/2025 12:06;179;CHTV6429;SU Geral;0;0;0;0;0;0;0;0;0;0
16/02/2025 11:50;16/02/2025 12:06;179;CHTV6429;SU Geral;0;0;0;0;0;0;0;0;0;0
16/02/2025 11:50;16/02/2025 12:06;179;CHTV6429;SU Geral;0;0;0;0;0;0;0;0;0;0
16/02/2025 11:50;16/02/2025 12:06;179;CHTV6429;SU Geral;0;0;0;0;0;0;0;0;0;0
16/02/2025 11:50;16/02/2025 12:06;179;CHTV6429;SU Geral;0;0;0;0;0;0;0;0;0;0
16/02/2025 11:50;16/02/2025 12:06;179;CHTV6429;SU Geral;0;0;0;0;0;0;0;0;0;0
16/02/2025 11:50;16/02/2025 12:06;179;CHTV6429;SU Geral;0;0;0;0;0;0;0;0;0;0
16/02/2025 11:50;16/02/2025 12:06;179;CHTV6429;SU Geral;0;0;0;0;0;0;0;0;0;0
16/02/2025 11:50;16/02/2025 12:06;179;CHTV6429;SU Geral;0;0;0;0;0;0;0;0;0;0
16/02/2025 11:49;16/02/2025 12:06;179;CHTV6429;SU Geral;0;0;0;0;0;0;0;0;0;0
16/02/2025 11:50;16/02/2025 12:06;179;CHTV6429;SU Geral;0;0;0;0;0;0;0;0;0;0
16/02/2025 12:05;16/02/2025 12:15;179;9;Urgência Psiquiátrica;0;0;68;0;241;0;296;2;0;0
16/02/2025 11:59;16/02/2025 12:15;179;CHTV289C;SU Pediátrica;0;0;0;0;751;1;3016;8;0;1
16/02/2025 11:59;16/02/2025 12:15;179;CHTV6429;SU Geral;0;0;0;0;0;0;0;0;0;0
16/02/2025 11:59;16/02/2025 12:15;179;CHTV6429;SU Geral;0;0;0;0;0;0;0;0;0;0
16/02/2025 11:59;16/02/2025 12:15;179;CHTV6429;SU Geral;0;0;0;0;0;0;0;0;0;0
16/02/2025 11:59;16/02/2025 12:15;179;CHTV6429;SU Geral;0;0;426;0;1163;3;3217;17;0;1
16/02/2025 11:59;16/02/2025 12:15;179;CHTV6429;SU Geral;0;0;0;0;0;0;0;0;0;0
16/02/2025 11:59;16/02/2025 12:15;179;CHTV6429;SU Geral;0;0;0;0;0;0;0;0;0;0
16/02/2025 11:59;16/02/2025 12:15;179;CHTV6429;SU Geral;0;0;0;0;0;0;0;0;0;0
16/02/2025 11:59;16/02/2025 12:15;179;CHTV6429;SU Geral;0;0;0;0;0;0;0;0;0;0
16/02/2025 11:59;16/02/2025 12:15;179;CHTV6429;SU Geral;0;0;0;0;0;0;0;0;0;0
16/02/2025 11:59;16/02/2025 12:15;179;CHTV6429;SU Geral;0;0;0;0;0;0;0;0;0;0
16/02/2025 11:59;16/02/2025 12:15;179;CHTV6429;SU Geral;0;0;0;0;0;0;0;0;0;0
16/02/2025 11:59;16/02/2025 12:15;179;CHTV6429;SU Geral;0;0;0;0;0;0;0;0;0;0
16/02/2025 11:59;16/02/2025 12:15;179;CHTV6429;SU Geral;0;0;0;0;0;0;0;0;0;0
16/02/2025 11:59;16/02/2025 12:15;179;CHTV6429;SU Geral;0;0;0;0;0;0;0;0;0;0
16/02/2025 11:59;16/02/2025 12:15;179;CHTV6429;SU Geral;0;0;0;0;0;0;0;0;0;0
16/02/2025 11:59;16/02/2025 12:15;179;CHTV6429;SU Geral;0;0;0;0;0;0;0;0;0;0
16/02/2025 11:59;16/02/2025 12:15;179;CHTV6429;SU Geral;0;0;0;0;0;0;0;0;0;0
16/02/2025 11:59;16/02/2025 12:15;179;CHTV6429;SU Geral;0;0;0;0;0;0;0;0;0;0
16/02/2025 11:59;16/02/2025 12:15;179;CHTV6429;SU Geral;0;0;0;0;0;0;0;0;0;0
16/02/2025 11:59;16/02/2025 12:15;179;CHTV6429;SU Geral;0;0;0;0;0;0;0;0;0;0
16/02/2025 11:59;16/02/2025 12:15;179;CHTV6429;SU Geral;0;0;0;0;0;0;0;0;0;0
16/02/2025 11:59;16/02/2025 12:15;179;CHTV6429;SU Geral;0;0;0;0;0;0;0;0;0;0
16/02/2025 11:59;16/02/2025 12:15;179;CHTV6429;SU Geral;0;0;0;0;0;0;0;0;0;0
16/02/2025 11:59;16/02/2025 12:15;179;CHTV6429;SU Geral;0;0;0;0;0;0;0;0;0;0
16/02/2025 11:59;16/02/2025 12:15;179;CHTV6429;SU Geral;0;0;0;0;0;0;0;0;0;0
16/02/2025 11:59;16/02/2025 12:15;179;CHTV6429;SU Geral;0;0;0;0;0;0;0;0;0;0
16/02/2025 12:15;16/02/2025 12:24;179;9;Urgência Psiquiátrica;0;0;68;0;235;1;334;2;0;0
16/02/2025 12:10;16/02/2025 12:24;179;CHTV289C;SU Pediátrica;0;0;0;0;682;0;2789;8;0;1
16/02/2025 12:10;16/02/2025 12:24;179;CHTV6429;SU Geral;0;0;0;0;0;0;0;0;0;0
16/02/2025 12:10;16/02/2025 12:24;179;CHTV6429;SU Geral;0;0;0;0;0;0;0;0;0;0
16/02/2025 12:10;16/02/2025 12:24;179;CHTV6429;SU Geral;0;0;0;0;0;0;0;0;0;0
16/02/2025 12:10;16/02/2025 12:24;179;CHTV6429;SU Geral;0;0;426;0;1233;3;3046;17;0;1
16/02/2025 12:10;16/02/2025 12:24;179;CHTV6429;SU Geral;0;0;0;0;0;0;0;0;0;0
16/02/2025 12:10;16/02/2025 12:24;179;CHTV6429;SU Geral;0;0;0;0;0;0;0;0;0;0
16/02/2025 12:10;16/02/2025 12:24;179;CHTV6429;SU Geral;0;0;0;0;0;0;0;0;0;0
16/02/2025 12:10;16/02/2025 12:24;179;CHTV6429;SU Geral;0;0;0;0;0;0;0;0;0;0
16/02/2025 12:10;16/02/2025 12:24;179;CHTV6429;SU Geral;0;0;0;0;0;0;0;0;0;0
16/02/2025 12:10;16/02/2025 12:24;179;CHTV6429;SU Geral;0;0;0;0;0;0;0;0;0;0
16/02/2025 12:10;16/02/2025 12:24;179;CHTV6429;SU Geral;0;0;0;0;0;0;0;0;0;0
16/02/2025 12:10;16/02/2025 12:24;179;CHTV6429;SU Geral;0;0;0;0;0;0;0;0;0;0
16/02/2025 12:10;16/02/2025 12:24;179;CHTV6429;SU Geral;0;0;0;0;0;0;0;0;0;0
16/02/2025 12:10;16/02/2025 12:24;179;CHTV6429;SU Geral;0;0;0;0;0;0;0;0;0;0
16/02/2025 12:10;16/02/2025 12:24;179;CHTV6429;SU Geral;0;0;0;0;0;0;0;0;0;0
16/02/2025 12:10;16/02/2025 12:24;179;CHTV6429;SU Geral;0;0;0;0;0;0;0;0;0;0
16/02/2025 12:10;16/02/2025 12:24;179;CHTV6429;SU Geral;0;0;0;0;0;0;0;0;0;0
16/02/2025 12:10;16/02/2025 12:24;179;CHTV6429;SU Geral;0;0;0;0;0;0;0;0;0;0
16/02/2025 12:10;16/02/2025 12:24;179;CHTV6429;SU Geral;0;0;0;0;0;0;0;0;0;0
16/02/2025 12:10;16/02/2025 12:24;179;CHTV6429;SU Geral;0;0;0;0;0;0;0;0;0;0
16/02/2025 12:10;16/02/2025 12:24;179;CHTV6429;SU Geral;0;0;0;0;0;0;0;0;0;0
16/02/2025 12:10;16/02/2025 12:24;179;CHTV6429;SU Geral;0;0;0;0;0;0;0;0;0;0
16/02/2025 12:10;16/02/2025 12:24;179;CHTV6429;SU Geral;0;0;0;0;0;0;0;0;0;0
16/02/2025 12:10;16/02/2025 12:24;179;CHTV6429;SU Geral;0;0;0;0;0;0;0;0;0;0
16/02/2025 12:10;16/02/2025 12:24;179;CHTV6429;SU Geral;0;0;0;0;0;0;0;0;0;0
16/02/2025 12:10;16/02/2025 12:24;179;CHTV6429;SU Geral;0;0;0;0;0;0;0;0;0;0
16/02/2025 11:30;16/02/2025 11:39;178;1;URGENCIA PEDIATRICA;0;0;0;0;60;0;300;1;0;0
16/02/2025 11:30;16/02/2025 11:39;178;5;EMERGENCIA;0;0;3600;0;2040;4;1500;1;0;0
16/02/2025 11:30;16/02/2025 11:39;178;5;EMERGENCIA;0;0;0;0;0;0;0;0;0;0
16/02/2025 11:30;16/02/2025 11:39;178;5;EMERGENCIA;0;0;480;0;0;0;0;0;0;0
16/02/2025 11:50;16/02/2025 12:05;178;1;URGENCIA PEDIATRICA;0;0;0;0;180;1;420;1;0;0
16/02/2025 11:50;16/02/2025 12:05;178;5;EMERGENCIA;0;0;3600;0;1020;4;2220;0;0;0
16/02/2025 11:50;16/02/2025 12:05;178;5;EMERGENCIA;0;0;0;0;0;0;0;0;0;0
16/02/2025 11:50;16/02/2025 12:05;178;5;EMERGENCIA;0;0;660;0;0;0;0;0;0;0
16/02/2025 12:10;16/02/2025 12:13;178;1;URGENCIA PEDIATRICA;0;0;0;0;480;0;480;1;0;0
16/02/2025 12:10;16/02/2025 12:13;178;5;EMERGENCIA;0;0;3600;0;1380;4;2220;0;0;0
16/02/2025 12:10;16/02/2025 12:13;178;5;EMERGENCIA;0;0;0;0;0;0;0;0;0;0
16/02/2025 12:10;16/02/2025 12:13;178;5;EMERGENCIA;0;0;660;1;0;0;0;0;0;0
16/02/2025 12:19;16/02/2025 12:30;178;1;URGENCIA PEDIATRICA;0;0;0;0;480;0;480;1;0;0
16/02/2025 12:19;16/02/2025 12:30;178;5;EMERGENCIA;0;0;3600;0;1740;3;2220;0;0;0
16/02/2025 12:19;16/02/2025 12:30;178;5;EMERGENCIA;0;0;0;0;0;0;0;0;0;0
16/02/2025 12:19;16/02/2025 12:30;178;5;EMERGENCIA;0;0;660;1;0;0;0;0;0;0
16/02/2025 11:34;16/02/2025 11:38;177;1;Urgência Geral;0;0;615;0;582;0;676;0;0;0
16/02/2025 11:54;16/02/2025 12:04;177;1;Urgência Geral;0;0;615;0;582;0;676;0;0;0
16/02/2025 12:04;16/02/2025 12:13;177;1;Urgência Geral;0;0;615;0;582;0;676;0;0;0
16/02/2025 12:14;16/02/2025 12:21;177;1;Urgência Geral;0;0;615;0;745;1;676;0;0;0
16/02/2025 12:24;16/02/2025 12:30;177;1;Urgência Geral;0;0;615;0;574;1;1081;0;0;0
16/02/2025 11:29;16/02/2025 11:39;175;CHTVF6E0;Urgência Básica;0;0;0;0;527;1;385;1;1266;0
16/02/2025 11:29;16/02/2025 11:39;175;CHTVF6E0;Urgência Básica;0;0;0;0;0;0;0;0;0;0
16/02/2025 11:59;16/02/2025 12:06;175;CHTVF6E0;Urgência Básica;0;1;0;0;847;0;313;5;1266;0
16/02/2025 11:59;16/02/2025 12:06;175;CHTVF6E0;Urgência Básica;0;0;0;0;0;0;0;0;0;0
16/02/2025 12:10;16/02/2025 12:25;175;CHTVF6E0;Urgência Básica;0;1;0;0;1251;0;313;6;1266;0
16/02/2025 12:10;16/02/2025 12:25;175;CHTVF6E0;Urgência Básica;0;0;0;0;0;0;0;0;0;0
16/02/2025 11:29;16/02/2025 11:39;174;1;Urgencia Geral;0;0;0;0;57;0;0;0;0;0
16/02/2025 11:59;16/02/2025 12:07;174;1;Urgencia Geral;0;0;0;0;256;0;0;0;0;0
16/02/2025 12:09;16/02/2025 12:17;174;1;Urgencia Geral;0;0;0;0;256;0;0;0;0;0
16/02/2025 12:19;16/02/2025 12:27;174;1;Urgencia Geral;0;0;0;0;323;0;0;0;0;0
16/02/2025 11:30;16/02/2025 11:39;173;1;Urgência Geral;0;0;186;0;413;1;205;1;0;0
16/02/2025 11:30;16/02/2025 11:39;173;2;Urgência Pediátrica;0;0;0;0;720;0;383;0;0;0
16/02/2025 11:50;16/02/2025 12:05;173;1;Urgência Geral;0;0;186;0;511;2;205;1;0;0
16/02/2025 11:50;16/02/2025 12:05;173;2;Urgência Pediátrica;0;0;0;0;964;0;383;0;0;0
16/02/2025 12:00;16/02/2025 12:14;173;1;Urgência Geral;0;0;186;0;614;2;189;1;0;0
16/02/2025 12:00;16/02/2025 12:14;173;2;Urgência Pediátrica;0;0;0;0;964;0;290;0;0;0
16/02/2025 12:10;16/02/2025 12:22;173;1;Urgência Geral;0;0;186;0;575;1;700;0;0;0
16/02/2025 12:10;16/02/2025 12:22;173;2;Urgência Pediátrica;0;0;0;0;1337;0;290;0;0;0
16/02/2025 12:20;16/02/2025 12:31;173;1;Urgência Geral;0;0;186;0;387;2;700;0;0;0
16/02/2025 12:20;16/02/2025 12:31;173;2;Urgência Pediátrica;0;0;0;0;1337;0;290;0;0;0
16/02/2025 11:37;16/02/2025 11:39;172;3;Urgencia Obstetrica;0;0;0;0;0;0;1837;1;0;0
16/02/2025 11:55;16/02/2025 12:05;172;3;Urgencia Obstetrica;0;0;0;0;0;0;1081;2;0;0
16/02/2025 12:05;16/02/2025 12:15;172;3;Urgencia Obstetrica;0;0;0;0;0;0;1081;2;0;0
16/02/2025 12:16;16/02/2025 12:23;172;3;Urgencia Obstetrica;0;0;0;0;0;0;1468;1;0;0
16/02/2025 12:26;16/02/2025 12:32;172;3;Urgencia Obstetrica;0;0;0;0;0;0;1468;1;0;0
16/02/2025 11:26;16/02/2025 11:39;171;1;Urgencia Geral;0;0;755;0;1018;6;2588;3;1016;0
16/02/2025 11:56;16/02/2025 12:05;171;1;Urgencia Geral;186;0;594;2;1059;7;2539;4;1016;0
16/02/2025 12:06;16/02/2025 12:15;171;1;Urgencia Geral;186;0;746;1;893;8;2232;4;1016;0
16/02/2025 12:17;16/02/2025 12:23;171;1;Urgencia Geral;186;0;745;0;1057;9;2453;4;1016;1
16/02/2025 12:25;16/02/2025 12:32;171;1;Urgencia Geral;186;0;659;1;1373;8;2453;4;1016;1
16/02/2025 11:26;16/02/2025 11:38;169;3;Urgencia Obstetrica;0;0;0;0;0;0;1432;1;0;0
16/02/2025 11:57;16/02/2025 12:03;169;3;Urgencia Obstetrica;0;0;0;0;0;0;1407;0;0;0
16/02/2025 12:07;16/02/2025 12:11;169;3;Urgencia Obstetrica;0;0;0;0;0;0;1407;0;0;0
16/02/2025 12:16;16/02/2025 12:29;169;3;Urgencia Obstetrica;0;0;0;0;0;0;1407;1;0;0
16/02/2025 11:26;16/02/2025 11:38;168;2;Urgencia Pediatrica;0;0;0;1;415;1;904;0;0;0
16/02/2025 11:57;16/02/2025 12:03;168;2;Urgencia Pediatrica;0;0;364;0;221;2;215;0;0;0
16/02/2025 12:06;16/02/2025 12:11;168;2;Urgencia Pediatrica;0;0;364;0;805;0;215;0;0;0
16/02/2025 12:15;16/02/2025 12:29;168;2;Urgencia Pediatrica;0;0;364;0;805;0;188;1;0;0
16/02/2025 11:26;16/02/2025 11:39;160;2;Urgência Pediátrica;0;0;0;0;0;0;0;0;0;0
16/02/2025 11:26;16/02/2025 11:39;160;10;Urgência Obstétrica / Ginecológica ;0;0;0;0;0;0;0;0;0;0
16/02/2025 11:56;16/02/2025 12:06;160;2;Urgência Pediátrica;0;0;0;0;0;0;0;0;0;0
16/02/2025 11:56;16/02/2025 12:06;160;10;Urgência Obstétrica / Ginecológica ;0;0;0;0;0;0;0;0;0;0
16/02/2025 12:06;16/02/2025 12:16;160;2;Urgência Pediátrica;0;0;0;0;0;0;0;0;0;0
16/02/2025 12:06;16/02/2025 12:16;160;10;Urgência Obstétrica / Ginecológica ;0;0;0;0;0;0;0;0;0;0
16/02/2025 12:16;16/02/2025 12:25;160;2;Urgência Pediátrica;0;0;0;0;0;0;0;0;0;0
16/02/2025 12:16;16/02/2025 12:25;160;10;Urgência Obstétrica / Ginecológica ;0;0;0;0;0;0;0;0;0;0
16/02/2025 11:36;16/02/2025 11:39;156;1;Urgência Geral;24;0;1252;1;1387;9;1448;2;0;0
16/02/2025 11:56;16/02/2025 12:07;156;1;Urgência Geral;24;0;1252;2;1357;9;1330;1;0;1
16/02/2025 12:06;16/02/2025 12:17;156;1;Urgência Geral;24;0;1278;1;1439;6;1330;2;0;0
16/02/2025 12:26;16/02/2025 12:28;156;1;Urgência Geral;24;0;1294;1;1535;5;1264;1;0;0
16/02/2025 11:35;16/02/2025 11:39;155;1;Urgência Geral;0;0;171;0;1206;4;955;3;0;0
16/02/2025 11:35;16/02/2025 11:39;155;2;Urgência Pediátrica;0;0;2168;0;1030;0;1339;1;0;0
16/02/2025 11:35;16/02/2025 11:39;155;10;Urgência Obstétrica / Ginecológica ;0;0;0;0;0;0;0;0;0;0
16/02/2025 12:05;16/02/2025 12:06;155;1;Urgência Geral;0;0;210;0;1435;6;1223;2;0;0
16/02/2025 12:05;16/02/2025 12:06;155;2;Urgência Pediátrica;0;0;2168;0;1030;0;1785;0;0;0
16/02/2025 12:05;16/02/2025 12:06;155;10;Urgência Obstétrica / Ginecológica ;0;0;0;0;0;0;0;0;0;0
16/02/2025 12:15;16/02/2025 12:26;155;1;Urgência Geral;0;0;196;0;1640;2;1223;2;0;0
16/02/2025 12:15;16/02/2025 12:26;155;2;Urgência Pediátrica;0;0;2168;0;1030;0;2066;1;0;0
16/02/2025 12:15;16/02/2025 12:26;155;10;Urgência Obstétrica / Ginecológica ;0;0;0;0;0;0;0;0;0;0
16/02/2025 11:36;16/02/2025 11:39;153;1;Urgência Geral;0;0;212;0;357;1;754;0;350;0
16/02/2025 11:36;16/02/2025 11:39;153;2;Urgência Pediátrica;0;0;0;0;2127;0;0;0;0;0
16/02/2025 12:07;16/02/2025 12:07;153;1;Urgência Geral;0;0;286;0;349;0;643;0;350;0
16/02/2025 12:07;16/02/2025 12:07;153;2;Urgência Pediátrica;0;0;0;0;2127;0;0;0;0;0
16/02/2025 12:17;16/02/2025 12:17;153;1;Urgência Geral;0;0;286;0;349;0;643;1;350;0
16/02/2025 12:17;16/02/2025 12:17;153;2;Urgência Pediátrica;0;0;0;0;2127;0;0;0;0;0
16/02/2025 11:35;16/02/2025 11:40;152;1;Urgência Geral;0;0;738;0;397;2;938;2;0;1
16/02/2025 11:35;16/02/2025 11:40;152;2;Urgência Pediátrica;0;0;0;0;18;0;5196;5;0;0
16/02/2025 11:35;16/02/2025 11:40;152;10;Urgência Obstétrica / Ginecológica ;0;0;0;0;0;0;970;0;0;0
16/02/2025 11:55;16/02/2025 12:08;152;1;Urgência Geral;0;0;738;1;411;4;1006;5;0;1
16/02/2025 11:55;16/02/2025 12:08;152;2;Urgência Pediátrica;0;0;0;0;18;0;4947;6;0;0
16/02/2025 11:55;16/02/2025 12:08;152;10;Urgência Obstétrica / Ginecológica ;0;0;0;0;0;0;970;0;0;0
16/02/2025 12:15;16/02/2025 12:18;152;1;Urgência Geral;0;0;777;1;479;5;992;1;2286;0
16/02/2025 12:15;16/02/2025 12:18;152;2;Urgência Pediátrica;0;0;0;0;18;0;3904;1;0;0
16/02/2025 12:15;16/02/2025 12:18;152;10;Urgência Obstétrica / Ginecológica ;0;0;0;0;0;0;0;0;0;0
16/02/2025 12:25;16/02/2025 12:28;152;1;Urgência Geral;0;0;1004;0;677;5;949;2;2286;0
16/02/2025 12:25;16/02/2025 12:28;152;2;Urgência Pediátrica;0;0;0;0;18;0;3817;0;0;0
16/02/2025 12:25;16/02/2025 12:28;152;10;Urgência Obstétrica / Ginecológica ;0;0;0;0;0;0;0;0;0;0
16/02/2025 11:25;16/02/2025 11:37;151;1;Urgência Geral;0;0;326;0;354;1;373;2;0;0
16/02/2025 11:55;16/02/2025 12:03;151;1;Urgência Geral;0;0;326;0;330;1;965;0;0;0
16/02/2025 12:05;16/02/2025 12:11;151;1;Urgência Geral;0;0;326;0;455;0;965;0;0;0
16/02/2025 12:25;16/02/2025 12:29;151;1;Urgência Geral;0;0;245;0;455;0;965;1;0;0
16/02/2025 11:29;16/02/2025 11:39;150;1;Urgência Geral;0;0;204;1;1678;3;3445;3;0;0
16/02/2025 11:29;16/02/2025 11:39;150;2;Urgência Pediátrica;0;0;0;0;0;0;1591;1;0;0
16/02/2025 11:59;16/02/2025 12:07;150;1;Urgência Geral;0;0;292;0;1448;3;2230;4;0;0
16/02/2025 11:59;16/02/2025 12:07;150;2;Urgência Pediátrica;0;0;0;0;0;0;1200;1;0;0
16/02/2025 12:09;16/02/2025 12:17;150;1;Urgência Geral;0;0;292;0;1606;5;2821;4;0;0
16/02/2025 12:09;16/02/2025 12:17;150;2;Urgência Pediátrica;0;0;0;0;0;0;924;2;0;0
16/02/2025 12:19;16/02/2025 12:27;150;1;Urgência Geral;0;0;292;0;1525;5;3182;4;0;0
16/02/2025 12:19;16/02/2025 12:27;150;2;Urgência Pediátrica;0;0;0;0;0;0;1195;2;0;0
16/02/2025 11:35;16/02/2025 11:39;149;301000;Urgência Geral Braga;0;0;526;0;1483;3;690;0;0;0
16/02/2025 11:35;16/02/2025 11:39;149;302000;Urgência Pediátrica Braga;0;0;400;0;1555;1;1965;4;0;0
16/02/2025 11:35;16/02/2025 11:39;149;303000;Urgência Obstétrica Braga;0;0;239;0;1367;4;0;0;0;0
16/02/2025 12:04;16/02/2025 12:06;149;301000;Urgência Geral Braga;0;0;564;0;1375;4;738;0;0;0
16/02/2025 12:05;16/02/2025 12:06;149;302000;Urgência Pediátrica Braga;0;0;400;0;369;1;1810;4;0;0
16/02/2025 12:05;16/02/2025 12:06;149;303000;Urgência Obstétrica Braga;0;0;227;0;3806;2;0;0;0;0
16/02/2025 12:10;16/02/2025 12:16;149;301000;Urgência Geral Braga;0;0;564;0;1392;4;810;0;0;0
16/02/2025 12:10;16/02/2025 12:16;149;302000;Urgência Pediátrica Braga;0;0;400;0;369;1;1810;4;0;0
16/02/2025 12:10;16/02/2025 12:16;149;303000;Urgência Obstétrica Braga;0;0;0;0;3806;2;0;0;0;0
16/02/2025 12:20;16/02/2025 12:25;149;301000;Urgência Geral Braga;0;0;564;0;1336;2;854;0;0;0
16/02/2025 12:20;16/02/2025 12:25;149;302000;Urgência Pediátrica Braga;0;0;400;0;369;2;1810;4;0;0
16/02/2025 12:20;16/02/2025 12:25;149;303000;Urgência Obstétrica Braga;0;0;0;0;3806;3;0;0;0;0
16/02/2025 11:29;16/02/2025 11:39;147;1;Urgência Geral;0;0;1124;0;639;1;480;3;601;0
16/02/2025 11:29;16/02/2025 11:39;147;2;Urgência Pediátrica;0;0;0;0;1396;1;832;2;0;0
16/02/2025 11:29;16/02/2025 11:39;147;3;Urgência Obstétrica;0;0;0;0;0;1;0;0;0;0
16/02/2025 11:59;16/02/2025 12:05;147;1;Urgência Geral;0;0;1124;0;628;0;753;6;601;0
16/02/2025 11:59;16/02/2025 12:05;147;2;Urgência Pediátrica;0;0;0;0;1304;0;957;2;0;0
16/02/2025 11:59;16/02/2025 12:05;147;3;Urgência Obstétrica;0;0;0;0;1456;0;0;0;0;0
16/02/2025 12:09;16/02/2025 12:15;147;1;Urgência Geral;0;0;1124;0;692;0;1008;6;601;0
16/02/2025 12:09;16/02/2025 12:15;147;2;Urgência Pediátrica;0;0;0;0;1304;2;957;2;0;0
16/02/2025 12:09;16/02/2025 12:15;147;3;Urgência Obstétrica;0;0;0;0;1456;0;0;0;0;0
16/02/2025 12:19;16/02/2025 12:24;147;1;Urgência Geral;0;0;1124;0;745;1;1099;5;601;0
16/02/2025 12:19;16/02/2025 12:24;147;2;Urgência Pediátrica;0;0;0;0;1304;2;1116;2;0;0
16/02/2025 12:19;16/02/2025 12:24;147;3;Urgência Obstétrica;0;0;0;0;1456;0;0;0;0;0
16/02/2025 11:33;16/02/2025 11:39;146;GER;Urgência Geral;0;0;640;0;6343;14;4970;6;0;0
16/02/2025 11:33;16/02/2025 11:39;146;PED;Urgência de Pediatria;0;0;480;0;1282;1;1297;1;0;0
16/02/2025 12:01;16/02/2025 12:04;146;GER;Urgência Geral;0;0;557;0;6430;17;6354;4;0;0
16/02/2025 12:01;16/02/2025 12:04;146;PED;Urgência de Pediatria;0;0;480;0;1098;3;1287;3;0;1
16/02/2025 12:08;16/02/2025 12:13;146;GER;Urgência Geral;0;0;557;1;6112;19;6354;6;0;0
16/02/2025 12:08;16/02/2025 12:13;146;PED;Urgência de Pediatria;0;0;480;0;1135;1;1167;3;0;1
16/02/2025 12:15;16/02/2025 12:22;146;GER;Urgência Geral;0;0;572;0;6082;21;4302;6;0;0
16/02/2025 12:15;16/02/2025 12:22;146;PED;Urgência de Pediatria;0;0;480;0;1135;1;1167;5;0;1
16/02/2025 12:29;16/02/2025 12:30;146;GER;Urgência Geral;0;0;572;1;5921;21;4352;5;0;0
16/02/2025 12:29;16/02/2025 12:30;146;PED;Urgência de Pediatria;0;0;480;0;1227;1;1236;6;0;1
16/02/2025 11:27;16/02/2025 11:38;145;1;Urgência Geral;0;0;106;0;855;3;1311;1;0;0
16/02/2025 11:27;16/02/2025 11:38;145;2;Urgência Pediátrica;0;0;0;0;400;0;1467;1;0;0
16/02/2025 11:27;16/02/2025 11:38;145;3;Urgência Obstétrica;0;0;0;0;0;0;0;0;0;0
16/02/2025 11:27;16/02/2025 11:38;145;5;Urgência Pedopsiquiátrica;0;0;0;0;0;0;0;0;0;0
16/02/2025 11:47;16/02/2025 12:03;145;1;Urgência Geral;0;0;106;0;759;2;1355;1;0;0
16/02/2025 11:47;16/02/2025 12:03;145;2;Urgência Pediátrica;0;0;0;0;420;1;1245;1;0;0
16/02/2025 11:47;16/02/2025 12:03;145;3;Urgência Obstétrica;0;0;0;0;0;0;0;0;0;0
16/02/2025 11:47;16/02/2025 12:03;145;5;Urgência Pedopsiquiátrica;0;0;0;0;0;0;0;0;0;0
16/02/2025 11:57;16/02/2025 12:12;145;1;Urgência Geral;0;0;106;0;615;2;1550;2;0;0
16/02/2025 11:57;16/02/2025 12:12;145;2;Urgência Pediátrica;0;0;0;0;473;1;1245;1;0;0
16/02/2025 11:57;16/02/2025 12:12;145;3;Urgência Obstétrica;0;0;0;0;0;0;0;0;0;0
16/02/2025 11:57;16/02/2025 12:12;145;5;Urgência Pedopsiquiátrica;0;0;0;0;0;0;0;0;0;0
16/02/2025 12:07;16/02/2025 12:20;145;1;Urgência Geral;0;0;106;0;588;2;1550;2;0;0
16/02/2025 12:07;16/02/2025 12:20;145;2;Urgência Pediátrica;0;0;0;0;541;0;1245;1;0;0
16/02/2025 12:07;16/02/2025 12:20;145;3;Urgência Obstétrica;0;0;0;0;0;1;0;0;0;0
16/02/2025 12:07;16/02/2025 12:20;145;5;Urgência Pedopsiquiátrica;0;0;0;0;0;0;0;0;0;0
16/02/2025 12:17;16/02/2025 12:30;145;1;Urgência Geral;0;0;106;0;733;2;1550;2;0;0
16/02/2025 12:17;16/02/2025 12:30;145;2;Urgência Pediátrica;0;0;0;0;541;0;2297;1;0;0
16/02/2025 12:17;16/02/2025 12:30;145;3;Urgência Obstétrica;0;0;0;0;0;1;0;0;0;0
16/02/2025 12:17;16/02/2025 12:30;145;5;Urgência Pedopsiquiátrica;0;0;0;0;0;0;0;0;0;0
16/02/2025 11:29;16/02/2025 11:38;141;1;Urgência Geral;0;0;0;0;744;3;603;2;0;0
16/02/2025 11:49;16/02/2025 12:03;141;1;Urgência Geral;0;0;0;0;1010;5;953;2;0;0
16/02/2025 12:09;16/02/2025 12:12;141;1;Urgência Geral;0;0;0;0;1459;1;953;2;0;0
16/02/2025 12:19;16/02/2025 12:30;141;1;Urgência Geral;0;0;0;0;1428;0;1360;0;0;0
16/02/2025 11:36;16/02/2025 11:39;139;1;Urgência Geral;0;0;143;0;530;0;1013;0;0;0
16/02/2025 11:36;16/02/2025 11:39;139;2;Urgência Pediátrica;0;0;0;0;246;0;124;0;0;0
16/02/2025 11:36;16/02/2025 11:39;139;10;Urgência Obstétrica / Ginecológica;0;0;0;0;6044;0;0;0;0;0
16/02/2025 12:06;16/02/2025 12:07;139;1;Urgência Geral;0;0;92;0;604;0;1200;0;0;0
16/02/2025 12:06;16/02/2025 12:07;139;2;Urgência Pediátrica;0;0;0;0;246;0;124;0;0;0
16/02/2025 12:06;16/02/2025 12:07;139;10;Urgência Obstétrica / Ginecológica;0;0;0;0;6044;0;0;0;0;0
16/02/2025 12:16;16/02/2025 12:28;139;1;Urgência Geral;0;0;173;0;645;0;1518;1;0;0
16/02/2025 12:16;16/02/2025 12:28;139;2;Urgência Pediátrica;0;0;0;0;246;0;124;1;0;0
16/02/2025 12:16;16/02/2025 12:28;139;10;Urgência Obstétrica / Ginecológica;0;0;0;0;6044;0;0;0;0;0
16/02/2025 11:26;16/02/2025 11:39;138;1;Urgência Geral;0;0;332;0;16497;0;2384;2;0;0
16/02/2025 11:55;16/02/2025 12:07;138;1;Urgência Geral;0;0;332;0;25903;1;2039;0;0;0
16/02/2025 12:16;16/02/2025 12:18;138;1;Urgência Geral;0;0;332;0;569;1;2157;0;0;0
16/02/2025 11:29;16/02/2025 11:39;137;1;Urgência Geral;0;0;1030;0;3832;2;7762;1;0;0
16/02/2025 11:59;16/02/2025 12:05;137;1;Urgência Geral;0;0;1030;0;3739;2;7762;3;0;0
16/02/2025 12:09;16/02/2025 12:23;137;1;Urgência Geral;0;0;1030;0;3683;3;5440;2;0;0
16/02/2025 12:19;16/02/2025 12:31;137;1;Urgência Geral;0;0;1030;0;3693;3;5712;1;0;0
16/02/2025 11:29;16/02/2025 11:39;136;1;Urgência Geral;0;0;0;0;548;1;575;0;0;0
16/02/2025 11:59;16/02/2025 12:07;136;1;Urgência Geral;0;0;0;0;387;0;0;0;0;0
16/02/2025 12:09;16/02/2025 12:17;136;1;Urgência Geral;0;0;0;0;278;0;0;1;0;0
16/02/2025 12:19;16/02/2025 12:26;136;1;Urgência Geral;0;0;0;0;278;0;95;0;0;0
16/02/2025 11:29;16/02/2025 11:39;135;1;Urgência Geral;0;0;142;0;274;0;713;0;0;0
16/02/2025 11:59;16/02/2025 12:05;135;1;Urgência Geral;0;0;142;0;213;3;713;0;0;0
16/02/2025 12:09;16/02/2025 12:23;135;1;Urgência Geral;0;0;207;0;213;3;382;0;0;0
16/02/2025 12:19;16/02/2025 12:31;135;1;Urgência Geral;0;0;207;0;232;3;382;0;0;0
